"","LoadDate","Load1","Load2","Load3","Load4","Load5","Load6","Load7","Load8","Load9","Load10","Load11","Load12","Load13","Load14","Load15","Load16","Load17","Load18","Load19","Load20","Load21","Load22","Load23","Load24"
"1","2010-07-09",15184.6523666667,14368.3127,13869.2204,13626.9526,13795.4308,14524.1414,16250.8071333333,18256.3147,19856.0453,21110.5943666667,22236.8078333333,23110.6516333333,23634.2073666667,24091.0132,24251.0866333333,24182.2882333333,23752.9377,23221.9893333333,22459.6127333333,21929.2122333333,21774.0773666667,20862.8968333333,18911.9698333333,17026.3002333333
"2","2010-07-12",15023.6177333333,14135.0452,13574.5261666667,13243.0011333333,13273.1875666667,13986.5725,15476.7312333333,17548.7446666667,19046.6326333333,20228.4732,21315.5736333333,22051.271,22429.4917,22801.7143333333,23059.9501666667,23113.9467,23078.1333,22794.7217666667,22290.9958333333,21649.1464333333,21656.5289666667,20831.8385333333,18834.6859333333,16877.4476
"3","2010-07-13",15262.3377333333,14474.0055666667,14005.9561666667,13752.8876333333,13835.579,14597.6135333333,16304.1864333333,18230.2798,19846.7959666667,21010.6545333333,22087.0703,22916.2954666667,23378.5011333333,23799.6836,23926.0660666667,23877.7490333333,23667.6642,22976.9171333333,22059.6437,21484.6743666667,21227.8320333333,20351.5968333333,18559.6670333333,16764.7881666667
"4","2010-07-14",14838.8615666667,14054.3506,13693.0676333333,13464.5892666667,13714.9616666667,14542.8658,16343.8723666667,18116.8117666667,19503.0914333333,20444.2619666667,20958.6934,21123.8255,21110.2772333333,21124.5539,20895.0319,20683.0378333333,20477.5649333333,20228.6025666667,19814.7334,19537.4917666667,19578.6634666667,18915.7322,17330.6866333333,15574.2318333333
"5","2010-07-15",13848.9452,13105.4040333333,12611.3371,12425.7220333333,12577.8796333333,13353.7522666667,14949.0567333333,16772.6685,18098.2884666667,19055.0010333333,19908.8682333333,20291.8578,20693.5161666667,21166.1815666667,21271.9582,21328.7691,21403.1289666667,21132.3958,20424.5059333333,19856.9744,19888.2100666667,19124.8681666667,17350.8959333333,15517.5251
"6","2010-07-16",14284.7735,13498.4005,12998.1223333333,12794.0097666667,12865.3786666667,13524.1507666667,15051.3854,16896.1177666667,18411.1768333333,19787.8743,20982.0187333333,21840.5593666667,22495.5936,23034.7982666667,23253.5366,23378.6557666667,23186.7106,22812.4444666667,21993.1340333333,21353.9643,21299.5849666666,20280.8453,18440.6675,16570.4278666667
"7","2010-07-19",14890.9059333333,13874.0751666667,13359.9946,12874.6697666667,13012.8812,13607.4552666667,15123.4111333333,17161.2358333333,18636.8094333333,19853.4305333333,20922.6222666667,21586.6800666667,22052.8331666666,22453.9513666667,22733.3093333333,22782.4672333333,22779.5875666666,22587.7476,22044.8823333333,21469.3075333333,21455.4715,20613.4211666667,18722.9854333333,16830.1041
"8","2010-07-20",15070.8371666667,14170.0007,13602.5580333333,13340.7099333333,13393.9301333333,14185.8478666667,15690.3376333333,17513.1061,18975.0809333333,20012.4978666667,20938.0178666667,21615.0292666667,21918.1471333333,22130.3442333333,22079.3456,22064.0055,21846.8323,21517.2660666667,20951.1068333333,20240.7087333333,20285.5555333333,19496.9766333333,17637.2799333333,15744.4269
"9","2010-07-21",14054.3192,13220.9852666667,12736.7784,12528.1024333333,12633.0701666667,13289.9797666667,14848.2318666667,16697.6894666667,18240.1224,19445.7992333333,20690.3145333333,21549.6464,22107.8482,22658.1526333333,22652.0417666667,22679.6461666667,22583.3976,22089.6596,21248.8851,20619.676,20493.8767333333,19667.0876666667,17854.1315333333,15985.4099
"10","2010-07-22",13664.2856,12904.9361333333,12432.6215,12136.8975,12288.3610666667,12983.1509333333,14498.5708333333,16353.3112333333,17843.5887,19070.1643666667,19942.1682666667,20547.1908666667,20882.8778,21246.5352333333,21464.1294666667,21590.5006,21608.7598333333,21419.6482333333,20705.6155,20120.3330666667,19891.3678,19193.5533333333,17280.8238333333,15257.0704333333
"11","2010-07-23",13774.1526666667,12933.3007,12485.6879666667,12149.9117666667,12262.1287666667,12893.4481333333,14304.3071,16113.5761333333,17553.1008,18585.8856666667,19231.8738666667,19588.5172666667,19528.7815333333,19500.9750666667,19327.0092666667,19018.9323,18861.423,18483.2262666667,18153.3707666667,17925.8724333333,17897.6747333333,17428.0091666667,16044.3293666667,14490.7938
"12","2010-07-26",13346.5598666667,12513.8514333333,12038.2363333333,11747.0882666667,11834.9121,12444.4092666667,14009.4076,15795.2513333333,17112.5690333333,18123.7254333333,18969.4479333333,19556.1865666667,20029.9508666667,20488.299,20721.9029333333,20886.8159,20892.6842333333,20702.4654333333,20023.8467333333,19340.6050333333,19002.2573333333,18448.9152,16662.3920666667,14839.6834666667
"13","2010-07-27",13552.4545,12696.249,12207.2516666667,11965.4217333333,12042.7346,12566.2474666667,14194.1109333333,15923.4294333333,17335.0864,18621.9012333333,19816.642,20703.5544,21361.1432,21915.979,22270.6595333333,22522.1707333333,22604.0133333333,22496.2837333333,21935.5494666667,21174.4303,21091.7938,20421.2958666667,18423.6642666667,16329.9371666667
"14","2010-07-28",14548.6904333333,13573.8394,13076.9246333333,12665.5133,12696.6563333333,13278.9798666667,14758.9542666667,16760.0525,18378.8736333333,19593.1738333333,20752.1842666667,21648.5537,22160.5308,22743.6076,22983.7116666667,23151.2955333333,23276.4818333333,22989.569,22363.0250333333,21771.5128333333,21618.4207666667,20854.9696,18892.5932333333,16917.6116333333
"15","2010-07-29",16003.1944666667,15173.4320666667,14629.3042,14356.4543,14562.9693666667,15249.3663,16831.3189666667,18702.8402666667,19776.5983,20756.2711333333,21322.3236,21669.1244,21921.531,22156.3277666667,22282.2148,22329.1980333333,22403.5687,22086.8979,21372.6293,20646.1180666667,20374.8630333333,19497.1150333333,17598.5266666667,15603.2148
"16","2010-07-30",13218.1937666667,12376.7537333333,11908.5138,11628.8385,11679.6916666667,12334.3289,13752.0492333333,15434.9909333333,16657.5024666667,17469.4274,18122.2065666667,18474.8331666667,18622.228,18800.1448666667,18816.6997333333,18753.6419,18617.4136333333,18299.0201666667,17811.3824,17314.6414666667,17459.9051333333,16728.3857,15143.2017666667,13509.5236333333
"17","2010-08-02",12565.0459666667,11809.5254333333,11465.8701333333,11277.2099666667,11493.6280333333,12293.7192666667,13822.3282666667,15600.6188666667,16768.8386333333,17591.0994333333,18317.4772333333,18826.0739666667,19051.0994,19380.6809,19498.5846,19565.538,19497.1816666667,19319.8025666667,18734.5359666667,18173.2899666667,18223.2095,17602.1859,15961.1770666667,14277.9538333333
"18","2010-08-03",13530.2323,12734.4983666667,12272.6251,12059.7984,12230.2198333333,12915.7976333333,14523.5492333333,16370.8531333333,17881.7003,19076.0034333333,20128.3155333333,20797.1697666667,21212.8680333333,21701.7598666667,22033.4086,22313.2245333333,22375.2254,22106.4978333333,21433.3342333333,20825.0384666667,20767.4447,19972.1058333333,18188.1060666667,16353.0711666667
"19","2010-08-04",15131.7694,14372.8909,13859.8655,13592.7769666667,13700.1413,14400.8899666667,16223.7417,18252.3829,19720.3043333333,20994.4847666667,21961.5132666667,22783.1704666667,23367.9316333333,23852.9562,24101.1010666667,24282.9567,24149.7691333333,23952.1785,23281.3195333333,22713.2384666667,22584.6731333333,21759.7019333333,19695.4215,17589.1652666667
"20","2010-08-05",16439.9531,15417.5728333333,14963.6628333333,14713.8987333333,14826.3088666667,15529.3856333333,17101.8997333333,19050.8286666667,20313.4765666667,21223.1357333333,21963.9591,22461.4250666667,22901.5296333333,23389.2531333333,23533.5412333333,23412.1531333333,23194.1599,22884.8543,22360.1124666667,22016.8186,21835.3862666667,21010.8683666667,19090.4884333333,17223.3246
"21","2010-08-06",15396.1162333333,14491.2753,13877.2532333333,13628.8989,13698.7456333333,14366.9954666667,15762.0954,17580.7358333333,18836.9250666667,20042.3727333333,20820.7256333333,21364.6659,21572.1772333333,21796.7878333333,21789.4392666667,21585.6826333333,21447.5593,20882.5427333333,20082.9773333333,19267.6739,18985.7536666667,18008.1601,16208.1166,14332.0911
"22","2010-08-09",15040.6240666667,14175.145,13653.4365333333,13439.3706333333,13565.4488,14339.0598333333,15905.7990333333,17864.1872,19367.2530333333,20772.7104333333,22060.4757666667,22945.8933333333,23500.7806666667,24081.3779,24178.2535666667,24164.1,24098.822,23778.0058666667,23170.8365333333,22574.4182,22492.1678,21424.4704666667,19278.4953333333,17249.2507
"23","2010-08-10",15269.7996333333,14347.6988333333,13851.4295666667,13542.6832333333,13608.1763,14395.0452666667,15813.5633666667,17746.0269666667,19186.0056666667,20421.0638333333,21450.3018,22221.8070666667,22699.6122333333,23158.61,23457.6462666667,23541.7902666667,23507.0179666667,23242.9570333333,22494.4997666667,21926.0292333333,21897.6575,21001.0927333333,18998.0393,17055.2016333333
"24","2010-08-11",14627.6086666667,13792.5515,13372.7643,13108.6416666667,13167.9859,13814.9581666667,15338.8374666667,17075.7696666667,18378.5152666667,19376.7434666667,20257.4946666667,20818.2283666667,21183.4831666667,21397.5103666667,21614.0816,21596.5457666667,21558.8967,21223.545,20509.4653,19897.2914,19706.9171666667,18942.7275333333,17077.4307333333,15161.2210333333
"25","2010-08-12",13356.1202,12557.2661,12142.4545666667,11913.5864333333,12046.0201,12750.3144,14223.1386,15937.3971,17218.4025,18084.8557666667,18687.9962,19137.6348,19237.9295333333,19342.4908,19300.9129666666,19142.6331,19031.2692,18748.2525333333,18172.1136,17744.4204666667,17862.1455666667,17123.8518333333,15514.6636666667,13872.2295333333
"26","2010-08-13",12913.0259,12156.4917,11724.7851,11519.7544333333,11670.5739333333,12462.4004,13971.5484,15661.2956,16800.1458,17606.8684333333,18238.755,18613.8384,18737.4962666667,18890.1717,18946.7096666667,18842.7138,18757.5114,18445.5023666667,17957.6580666667,17556.8040333333,17659.282,16871.2345666667,15225.3111,13578.9429
"27","2010-08-16",12958.6829666667,12198.0729,11818.0621,11670.5755333333,11813.0298666667,12376.1695,13577.7529333333,15261.1072666667,16766.134,18031.5181333333,18784.0333666667,19304.3595,19715.9471333333,20023.0631666667,20164.8552,20116.2116333333,20218.4098333333,20053.9847,19720.2633666667,19439.7436666667,19709.4983666667,18984.8983,17394.0998333333,15704.951
"28","2010-08-17",15368.0968,14523.4373333333,14059.4287,13726.5486,13861.6347333333,14596.6534666667,15946.0582,17762.7724333333,19131.2412666667,20333.7155333333,21456.5255,22187.5884666667,22638.5070666667,23121.596,23457.7701333333,23351.6054666667,23161.9451333334,22760.6937666667,22009.1353,21468.7680666667,21304.7203333333,20561.7828,18559.5871666667,16470.3464666667
"29","2010-08-18",14370.7488333333,13470.2069666667,12880.8208,12602.9025,12556.4479666667,13132.2536,14509.6884,16229.5731,17526.3644,18353.9261,19035.2051333333,19571.9061333334,19894.3901333333,20177.4966,20335.6546666667,20445.8873333333,20372.1008,20054.4113666667,19442.8026333333,18872.3820333333,18725.1725,18074.685,16314.3146666667,14531.1274333333
"30","2010-08-19",12719.0329666667,11978.6457666667,11501.1682,11315.9199,11432.446,12091.4154,13790.4999666667,15692.6381666667,17070.5207333333,18079.5781,18987.6805,19627.9730333333,20082.2478666667,20560.1407,20829.5781333333,20903.1502666667,21087.2578666667,20861.7622666666,20263.6121,19737.701,19650.9918333333,18994.3474333333,17113.5725,15178.3694
"31","2010-08-20",14144.1631333333,13283.1881333333,12733.4900333333,12542.9947333333,12581.1318333333,13190.8249666667,14758.8992666667,16510.1208333333,17807.8445666667,18824.8158,19672.7756333333,20139.7026666667,20468.0964333333,20767.3410333333,20815.6398666667,20821.8172666667,20606.5339666667,20026.6963333333,19047.0555333333,18384.497,18093.1929666667,17145.4162666667,15574.0123,13783.7169666667
"32","2010-08-23",11873.7064333333,11262.2559666667,10979.2179,10838.7126333333,11060.2162666667,11923.3933666667,13415.4696333333,14982.6158,16068.5722,16726.7787333333,17158.7724333333,17336.0273666667,17239.7315,17214.5847,17020.1885,16812.4505,16741.1125,16632.1212,16406.3972333333,16158.0001666667,16215.3453,15487.6793,14084.8083333333,12633.4921666667
"33","2010-08-24",11715.4119666667,11154.1329666667,10800.4268,10681.5119,10844.2740666667,11591.1438333333,13089.0121,14710.6800333333,15694.3039666667,16353.2455333333,16835.0594,17038.3969,17007.3797,16972.4774,16793.4404333333,16599.7588,16549.3658666667,16390.4636333333,16150.9264,15982.1182333333,15892.0591333333,15223.8023333333,13885.6905666667,12468.9465333333
"34","2010-08-25",11524.2665333333,10931.3102333333,10598.1494,10500.6873,10690.5794666667,11420.7414,12926.2244,14586.8321333333,15607.8102666667,16373.0398333333,16862.1223666667,17080.0068,17207.8432,17251.4174666667,17150.7597,16976.9630333333,16951.1384666667,16824.3682333333,16601.5312,16439.9243,16440.5550666667,15845.931,14450.9338333333,12966.9059666667
"35","2010-08-26",12485.7478,11821.2879666667,11470.68,11305.5079,11506.8094666667,12281.8554666667,13913.3960333333,15699.8367,16915.9782,17812.0291666667,18641.1615,19214.9622666667,19528.3312,19755.4064666667,19885.5809666667,19904.8145333333,19775.0876333333,19395.3525666667,18710.1689,18054.7952,17840.9,17059.5056,15332.4726,13626.8853
"36","2010-08-27",11570.3075,10911.5645,10547.3496,10380.4378333333,10505.3372,11179.8643,12656.3567,14279.5777666667,15431.1784333333,16152.2902333333,16773.2713666667,17101.9802,17202.1682666667,17398.5164666667,17378.6152,17346.2525,17342.2763,17096.2771,16548.3234,16255.5548333333,16360.1434666667,15793.0539,14191.9773333333,12686.5404666667
"37","2010-08-30",13995.0134666667,13028.7121333333,12482.4679666667,12137.6741,12161.1247666667,12723.7456333333,14263.2516333333,16076.8071,17461.6214666667,18797.2687333333,19956.8503666667,20945.7446333333,21611.299,22154.5084666667,22566.6190666667,22726.9514,22885.2886333333,22772.8111333333,22195.3791333333,21539.3134,21459.3367666667,20722.9072,18724.9185666667,16666.8925333333
"38","2010-08-31",15186.1149,14205.3223333333,13547.4685333333,13187.7211,13210.5370333333,13754.9558333333,15404.0495333333,17481.9114,19142.1679333333,20884.8303666667,22265.1225,23233.0229666667,24098.0269666667,24527.8979,24707.5042333333,24941.6295666667,24969.8964666667,24862.0764,24126.6302,23340.9640333333,23263.1462,22187.1839,19856.6490666667,17813.0546333334
"39","2011-06-01",12644.4091,11883.8691666667,11492.0714666667,11336.2433666667,11450.309,12095.6760666667,13636.9739333333,15427.185,16676.6287333333,17818.0184666667,18666.1771333333,19293.8491333333,19682.1846,20112.0006666667,20319.9313,20358.428,20281.3714333333,20116.5768333333,19489.2479,19077.5109333333,19124.2214666667,18406.5452333333,16683.4886333333,14927.7128666667
"40","2011-06-02",13169.6096333333,12353.7242666667,11933.1647666667,11636.4764666667,11798.5893,12409.1996333333,13836.7091666667,15431.8276666667,16663.6070333333,17337.7617333333,17800.7806,18146.9495333333,18067.6533666667,18022.4069333333,17848.8495333333,17519.2319666667,17137.7591333333,16932.2519,16474.6356666667,16158.6333,16355.3785666667,15454.4304666667,14104.542,12615.9045
"41","2011-06-03",10590.8396333333,10060.8097666667,9753.0059,9699.07463333333,9895.42233333334,10641.0821666667,12545.7455666667,14183.6308333333,14895.2532,15271.2376333333,15592.2443333333,15753.1983333333,15787.3112,15909.6269,15798.8815,15647.4206,15565.0540666667,15351.7024,15086.0865666667,14837.0127666667,15055.9688333333,14648.1099333333,13177.5700666667,11719.1870333333
"42","2011-06-06",11317.3732666667,10696.2699666667,10392.6138,10233.6219333333,10425.5719,11042.5461666667,12569.4030333333,14230.6169666667,15455.6918666667,16182.7864,16803.6160666667,17160.5043666667,17264.6863333333,17371.0336333333,17436.8500666667,17313.3483333333,17328.9819666667,17169.3285666667,16701.1969,16294.5529,16354.3505,15949.2369,14542.5836,12988.6915
"43","2011-06-07",11965.5178333333,11332.5102333333,10938.8564666667,10777.9528,10902.1037333333,11592.6613333333,12951.9750666667,14801.6465,16154.7448666667,17117.7720333333,18022.6472666667,18707.7123666667,19113.8225333333,19621.7054,19802.4019333333,19953.4674333334,20016.9721333333,19866.7865666667,19278.4676333333,18716.421,18639.9869333333,18060.7906,16327.3569333333,14665.8645
"44","2011-06-08",13659.6781,12770.6427,12318.5519666667,12041.0055333333,12149.9699,12728.8898333333,14349.4476666667,16337.5193333333,17846.2959666667,19028.5989,20153.6552333333,20969.1805666667,21491.6033666666,22004.9637666667,22252.5165333333,22532.1930666666,22657.2975333333,22477.3193333333,21979.6414666667,21395.8158,21426.147,20658.6006,18706.828,16773.8992
"45","2011-06-09",14704.9639333333,13895.5293333333,13166.7188666667,12875.2297333333,12896.6297666667,13509.3666333333,14960.6821,16867.8829,18150.2032333333,19289.5901,20303.1331333333,21167.2435,21672.9809666667,22177.6032333333,22197.4591333333,22058.9815,21723.9885666667,20838.6253666667,19794.9840666667,19068.2233666667,18856.0162,17867.8333333333,16186.3648666667,14362.2694666667
"46","2011-06-10",12976.4470333333,12272.2212666667,11862.4777,11661.8548333333,11819.1498333333,12541.6391,14038.6967666667,15886.5710333333,17247.9555333333,18292.5974333333,19128.2739,19484.8864333333,19470.4030333333,19536.9466333333,19375.9477,19213.9981,18948.0287333333,18623.6284666667,18024.8277,17527.7079,17510.9519666667,16909.7330333333,15359.0536333333,13699.9812666667
"47","2011-06-13",10801.3910666667,10274.3434,9960.44833333334,9885.87706666666,10122.9882666667,10918.1064666667,12686.0748,14281.0713333333,15095.9008,15557.9729333333,15952.7989,16131.8025,16138.6498333333,16222.5005,16143.3869333333,15973.1071,15872.1237,15683.2243,15396.3140333333,15202.7924666667,15432.0730666667,14968.7823666667,13492.1394,12020.7891333333
"48","2011-06-14",10861.3035666667,10295.9790666667,9979.64336666667,9897.51633333334,10135.4462666667,10965.3926666667,12781.5822333333,14369.0748333333,15113.4376,15503.9006,15875.8304,15966.8354,15950.3066666667,15936.4336,15767.3001666667,15682.3915,15692.2525666667,15664.5478,15397.7828333333,15256.8780333333,15466.1554333333,14890.1697,13315.5219666667,11854.1890333333
"49","2011-06-15",10813.9428,10274.3199,9965.33436666666,9898.2273,10099.8991333333,10825.4277333333,12693.9513,14341.3622,15224.0747,15916.9914666667,16484.1123333333,16762.5659666667,16922.0019333333,17008.1083,17020.9332,16930.9718333333,16881.6260333333,16709.7446333333,16320.9605,15955.6213,16106.4283,15588.1164,14099.3972666667,12544.8702
"50","2011-06-16",11521.9861333333,10878.1518333333,10523.4184666667,10394.5643666667,10571.6580333333,11323.4950666667,13053.764,14823.5181333333,16069.2655666667,16911.5529333333,17675.4203333333,18246.6146333333,18544.1828,19018.7664,19271.9884333333,19440.6397666667,19461.1020333333,19385.2921,18963.3062333333,18549.7738,18513.134,17898.4577333333,16270.0586333333,14560.3831666667
"51","2011-06-17",13292.6494666667,12472.7480666667,12013.9719333333,11771.4417,11891.2408666667,12564.2229666667,14056.7417666667,15732.4076666667,16842.8891333333,17506.0156666667,17871.2688,18128.3355666667,17903.5632666667,17992.8087,17835.0892333333,17741.5764,17638.5295666667,17379.7917,17009.6519333333,16787.7929333333,16879.2338333333,16204.4342,14727.4018333333,13180.4376666667
"52","2011-06-20",11420.0403333333,10789.2259333333,10423.6307666667,10310.6728333333,10466.0761666667,11130.7078333333,12598.254,14284.5621666667,15415.6562666667,16229.5507,16845.6457666667,17252.6647666667,17338.5675,17545.2866,17657.6663666667,17666.7366666667,17713.1078666667,17585.1064666667,17078.3899333333,16524.5404666667,16604.2959666667,16084.9462,14559.4947333333,12943.2795333333
"53","2011-06-21",12048.5273,11353.2975666667,10958.7026666667,10817.1640333333,10978.2513,11628.8778666667,13014.4283,14701.9386333333,16063.3779,17028.5107666667,17805.3770666667,18402.1264666667,18700.8044333333,19020.3198666667,19190.968,19267.2884666667,19327.6654,19006.7582333333,18486.9866333333,17963.0138,17968.2801666667,17410.6729333333,15845.7087333333,14189.9301666667
"54","2011-06-22",13034.2859666667,12422.8226666667,12001.2545333333,11851.4332,12047.7720666667,12683.3530666667,14081.3150333333,15782.9160333333,16888.8718666667,17495.6467333333,17868.3506,18079.7726333333,18016.2941666667,18018.8006,17832.5167666667,17642.4272666667,17425.8506,17377.0191,17118.5337333333,16813.7552333333,16863.6602,16211.6819666667,14844.4611666667,13350.2947
"55","2011-06-23",11955.841,11304.8530333333,10980.2092,10855.4838,11069.9298333333,11927.181,13462.9665333333,15019.8467,16088.0191,16692.8253666667,17084.2936333333,17297.3950666667,17218.1533,17184.3792666667,16995.4550666667,16734.3027333333,16726.4933333333,16645.6301333333,16371.6254,16111.5273,16135.1214,15382.0180666667,13948.0655333333,12521.9830666667
"56","2011-06-24",11114.8964666667,10546.788,10251.5182333333,10106.9268333333,10369.9034,11231.4566,12886.3930333333,14601.4919333333,15465.9324333333,16020.3467333333,16406.8981333333,16551.4709,16496.3863666667,16434.4009,16237.8866666667,16074.8784666667,16063.4527,16034.0271666667,15753.7909666667,15493.1877333333,15451.7731,14824.6936666667,13393.8550666667,11965.1058333333
"57","2011-06-27",12603.0415666667,11899.7575333333,11424.1547333333,11217.6457333333,11421.2186,12132.5866333333,13799.6293,15580.8550666667,16982.3036333333,18058.7869,18974.0289333333,19577.0497333333,19943.5865666667,20322.4251666667,20472.1146333333,20448.8120666667,20475.4126,20197.8353666667,19589.4219333333,19032.4422,19052.9754,18391.5193,16678.3113666667,14880.3446666667
"58","2011-06-28",13258.9919666667,12467.8138666667,12048.4295,11793.6029666667,11895.9131333333,12622.491,14119.0435333333,15995.0561666667,17394.0620333333,18438.3207,19345.3984666667,20000.0126333333,20392.7447666667,20676.2785,20684.3441666667,20664.2478,20519.5316333333,20394.1530333333,19768.6655333333,19307.7977,19438.6451,18649.0118,17022.9134,15258.1787666667
"59","2011-06-29",13927.2697333333,13065.1371666667,12670.9991,12532.9991,12624.4590333333,13322.9444,14871.8852333333,16671.1055,17851.1604,18698.8888666667,19433.1301666667,19897.2404333333,20193.282,20438.1121666667,20527.9953333333,20491.6828,20433.7271666667,20110.4678666667,19518.1574,19001.4918333333,18897.0630666667,18153.1789666667,16340.3514333333,14510.7644333333
"60","2011-06-30",12938.8286,12099.9117,11630.8698,11414.9818,11505.9627333333,12142.3522333333,13460.8212333333,15276.1086,16551.6858333333,17486.1889333333,18149.9378,18593.2352,18780.5807333333,19099.0453666667,19233.6070333333,19269.8340666667,19242.5846666667,19027.7003,18418.3647333333,17881.4905,17861.6673,17378.1459333333,15664.3635333333,13924.0578
"61","2011-07-01",12519.2364,11800.5454,11328.1115666667,11085.7405333333,11211.4449,11735.2347333333,13006.6193,14834.2489333333,16216.0201,17204.2153,17893.4252666667,18268.9485666667,18376.6321666667,18614.4487666667,18689.5106333333,18570.7893,18554.4961333333,18257.6360333333,17859.8361,17401.6533333333,17529.6733666667,16951.8835333333,15382.4203,13686.9621
"62","2011-07-04",13669.2636333333,12916.4403,12508.0353333333,12338.7913333333,12452.4699666667,13265.462,14768.1071333333,16657.9703333333,18008.2127666667,19062.1930666667,19966.5814666667,20718.0880666667,21083.993,21534.3448333333,21822.1936,21940.0183,21870.6256666667,21620.0583,20952.2945,20344.1587333333,20198.4702666667,19353.7889,17505.5597666667,15552.1675333333
"63","2011-07-05",14193.1038333333,13280.7238,12801.84,12481.9267666667,12557.5835333333,13206.4242,14717.5725,16711.7884333333,18321.7184333333,19418.4743,20613.9534,21565.7455333333,22129.2703666666,22586.1168666667,22927.6325333333,23019.0725666667,23027.4716,22851.3984666667,22182.0871333333,21407.7621333333,21108.2187666667,20405.0230333333,18323.5242,16188.6835
"64","2011-07-06",14111.1489,13155.3183,12644.2586666667,12308.9867666667,12407.5213666667,13082.6758666667,14634.8576666667,16657.9609,18247.4126,19555.1975,20695.2543666667,21621.8063333333,22106.2101666667,22681.5474666667,22922.2785,23064.0906333333,23173.1537333333,22978.7116333333,22268.9119666667,21503.1076,21273.0501333333,20233.8526333333,18239.9628666667,16231.0217
"65","2011-07-07",13874.5139666667,13063.3171666667,12645.1052,12475.8357333333,12594.1881,13268.6485333333,14893.5112,16843.1265,18310.1526333333,19463.2701,20401.8864666667,20977.4599333333,21262.9502,21635.3412333333,21800.4653333333,21738.6047333333,21623.1707666667,21379.5361333334,20661.2333,20041.4359666667,19854.3595333333,19054.7250333333,17054.1084333333,15142.9778
"66","2011-07-08",13893.1267666667,13093.8907333333,12556.0135333333,12294.6101,12445.9707,13068.2199666667,14547.0761666667,16236.4292333333,17324.3474,18039.0219666667,18540.9002,18693.1414666667,18764.9841333333,18821.6617666667,18822.6858,18684.7648,18662.5694666667,18421.8739333333,18071.4364666667,17823.8189666667,17861.0435666667,17315.9536333333,15822.8476,14155.5409666667
"67","2011-07-11",13946.7759666667,13028.0305333333,12503.4404333333,12199.7723666667,12326.1920666667,13104.8351666667,14695.7278666667,16748.4078,18431.3635333333,19969.8822666667,21344.9325333333,22320.655,22951.9656666667,23487.3137,23648.3866333333,23825.4198,23828.7056666667,23549.4223666667,22868.5874333333,22220.8893333333,22116.6012,21415.0873,19271.6667333333,17141.5116666667
"68","2011-07-12",16226.9073666667,15402.7726,14991.8787666667,14611.6368333333,14727.6273333333,15432.0602,17162.7875,19239.316,20676.8083666667,22027.2277666667,23189.4841,24204.2789666667,24766.3124333333,25406.8418333333,25488.6990666667,25556.1755333333,25209.5478333334,24680.0296666667,24081.7347,23385.5739,23157.6451333333,22339.5146,20032.9263333333,17790.1484
"69","2011-07-13",15746.945,14853.3434333333,14156.467,13836.5402,13713.6522666667,13936.3143,15412.1766,17327.5478333333,19091.7326333333,20016.9209,20821.2276666667,21290.8213333333,21540.3377666667,21704.1693,21709.7622,21473.5530666667,21304.4935333333,20636.9010333333,19654.1186666667,18825.6644333333,18712.3345,17773.8239666667,16020.2314,14240.6115666667
"70","2011-07-14",12725.9243666667,11984.3624333333,11618.8742,11369.6074,11434.8493,12150.0832,13421.059,15117.9682666667,16342.4094,17204.2834666667,17826.7105,18134.1904666667,18298.5537666667,18494.7067666667,18435.8496,18430.2494666667,18299.7443333333,18115.2087333333,17567.7137,17215.5547,17443.6957333333,16700.7186,15114.8821333333,13550.0758333333
"71","2011-07-15",13022.6096,12174.4159333333,11662.7424333333,11428.3631666667,11499.3094666667,12101.2045666667,13467.4902,15381.6392666667,16682.6509333333,17716.2407,18521.9883,19025.6768666667,19364.298,19687.1632666666,19721.1742,19721.2725666667,19634.7545,19388.0805333333,18697.3629333333,18094.4011,18029.4234333333,17532.8875666667,15902.1058,14169.4546333333
"72","2011-07-18",15341.9633,14480.2474,13870.1626333333,13545.4073333333,13566.0654333333,14145.3838333333,15820.8268333333,17923.2829333333,19546.7630333333,20504.4964333333,21536.6109,22334.8886333333,22775.421,23029.0951666667,23051.6325333333,22834.6412,22681.0337333333,22370.1491,21817.3014666667,21381.1344333333,21349.4267333333,20379.6693,18632.9020666667,16816.581
"73","2011-07-19",15116.7590666667,14327.6926333333,13735.0504666667,13507.5902333333,13586.2603,14303.344,15741.7012666667,17673.3842333333,19236.1944,20598.5287666667,21616.1930666667,22433.6979333333,22890.2486333333,23403.9094333333,23691.5912,23611.5629,23505.3445,23204.1076666667,22410.6015666667,21694.6804666667,21428.6922666667,20587.4739666667,18548.2660666667,16383.1025
"74","2011-07-20",13848.4060666667,12952.4186,12452.3397333333,12153.2572,12303.9731666667,13006.4979333333,14556.3342666667,16466.0393333333,18005.2945,19290.2868,20368.1874333333,21232.8313666667,21875.4045666667,22281.4904333333,22680.4172,22932.8861,22988.5294,22771.5411333333,22105.285,21480.2717,21520.6723,20689.0236666667,18768.7981333334,16709.0114666667
"75","2011-07-21",15200.664,14388.1275333333,13916.9807333333,13623.1555666667,13727.5171,14434.1901,16142.7537,18184.1820333333,19851.5612666667,21595.7886333333,23060.0382333333,24043.9722333333,24651.7324666667,25089.0876,25400.7415,25377.9739,25409.1052,25342.1438,24860.6352333333,24279.6689,24206.506,23357.2293333333,21201.3825666667,19073.3248666667
"76","2011-07-22",17602.0910333333,16619.2442666667,16112.0379,15748.7352333333,15851.5633666667,16541.9906,18160.0532,20301.2874,22028.7371666666,23680.5429,25009.3393,25781.5955666667,26275.2032333333,26660.3653,26605.0000333333,26516.8416,26281.6225,25864.0105,25149.1463,24403.3683,23992.2586333333,23108.0244,20937.2461,18688.9901333333
"77","2011-07-25",13832.1097333333,13086.8673666667,12590.3221333333,12248.8641333333,12352.5694666667,12971.5763333333,14519.2618666667,16212.5459333333,17374.5687,18165.5998333333,18613.0457333333,18851.6044,18829.3322,18800.8666333333,18575.0701666667,18250.5820666667,17805.6960333333,17661.2998,17112.5399666667,16868.4065666667,16841.3086333333,16123.0662333333,14678.7526,13192.2841666667
"78","2011-07-26",12030.7812,11424.1335666667,11081.2966,10991.0177,11176.4104333333,12067.0437,13577.4456666667,15364.0193333333,16540.5971333333,17353.9029666667,18104.7946666667,18548.1522333333,18850.8187666667,19217.1497666667,19368.2522333333,19427.0203333333,19456.2786,19080.8429666667,18516.2928666667,18092.2661333333,18141.4428,17332.1738666667,15653.1394333333,14037.7634
"79","2011-07-27",12689.6933666667,11975.6405333333,11541.0007666667,11378.3373333333,11623.1889666667,12447.4272333333,13983.4660666667,15731.1786666667,16997.3165666667,17990.8051333333,18862.9767,19440.1111,19802.3739666667,20118.2512666667,20253.4004,20300.6107,20374.5405333333,20131.8688,19604.4438333333,19090.1675666667,19038.9032666667,18398.1979666667,16588.1349,14795.1629333333
"80","2011-07-28",13271.5586,12494.0860666667,12018.0583666667,11813.8954,11921.8419333333,12585.8317,14161.7069,15970.8331,17222.2805,18200.8923666667,18988.8453,19538.6569,19766.6751333333,19993.8712333333,20128.5273333333,20214.0111,20202.0818666667,19995.2787333333,19354.3144333333,18872.4620666667,18887.4462666667,18260.1436666667,16500.4589,14796.5377333333
"81","2011-07-29",14026.4406666667,13235.1126666667,12819.4395666667,12630.6066333333,12763.0020666667,13451.6543666667,14999.2019666667,16732.5326,18039.1265,19038.6853333333,19653.3342,20015.9826666667,20076.5588666667,20284.2792666667,20325.5824333333,20067.2789,20102.2204,19979.981,19622.5832,19426.3818333333,19504.0803,18802.5655333333,17111.4708666667,15495.1895666667
"82","2011-08-01",14670.9463,13854.6773333333,13215.1626333333,12952.7528,13106.3575333333,13761.4782,15291.3878333333,17409.7162,19064.4787,20358.5317333333,21538.2866666667,22412.194,22926.4633666667,23481.0418333333,23550.0769333333,23558.3490666667,23430.0619333333,22962.5201333333,22005.2339333333,21246.0433,21033.9198333333,20195.7495666667,18308.7182,16364.6385
"83","2011-08-02",14142.1054,13294.1592333333,12770.1523333333,12569.7500333333,12654.6352666667,13252.8037666667,14799.0799,16708.5963333333,18235.6848,19510.7373,20646.6392333333,21534.3854,21930.8770333333,22417.4737666667,22555.8387,22437.8090333333,22261.6331333333,21762.9247,20922.2386,20064.0154666667,19785.9459333333,18962.7257666667,17066.1641,15186.374
"84","2011-08-03",12960.4816,12219.0069,11765.2989333333,11511.7530333333,11616.0818333333,12206.1241333333,13739.1141333333,15457.2931,16720.0138333333,17608.5491333333,18356.9837,18803.3560666667,18967.3860666667,19157.0154,19196.7672333333,19097.7234,19022.5928333333,18741.3815333333,18267.7306333333,17888.3392333333,17979.1638666667,17371.5682333333,15667.0698666667,14023.2976333333
"85","2011-08-04",13014.5932,12287.4687,11872.9898666667,11665.3461666667,11798.8007666667,12550.0213,13980.8382666667,15769.3289333333,17127.0618666667,18099.944,18838.6493,19368.9817666667,19615.4794666667,19842.3035,19884.283,19865.4355333333,19864.0258666667,19587.3423333333,18981.0862,18436.0456,18397.9791666667,17695.6689666667,16016.8107666667,14296.8907333333
"86","2011-08-05",13264.0674333333,12552.3849666667,12121.4759333333,11926.2356,12053.9177333333,12799.5275666667,14367.2120333333,16122.0782,17392.5452,18377.8068666667,19102.5678,19590.7200333333,19841.7913,20128.2739666667,20281.5694666667,20197.0198666667,20133.1576,19743.2411333333,19044.6999333333,18496.6967666667,18555.0833333333,17817.2935333333,16215.8603666667,14543.3270333333
"87","2011-08-08",15101.6631,14268.6013333333,13818.6549,13542.3431333333,13686.7050333333,14400.4007666667,15955.9477333333,17776.0965333333,19142.9862666667,20183.6718,21183.8221,21921.9433666667,22292.7439333333,22703.6778666667,22845.7663666667,22782.8862666667,22741.866,22261.7238,21525.2083666667,20804.8393333333,20729.9724,19795.4712333333,18091.6401666667,16243.3159333333
"88","2011-08-09",14178.2455666667,13350.6036333333,12846.7639666667,12624.4199,12714.3777333333,13379.215,14896.9976333333,16710.6732333333,17871.9158666667,18811.7009333333,19552.9866,20001.6065333333,20202.8825666666,20430.3532333333,20415.9344333333,20136.6123333333,19738.3940666667,19205.5932,18744.2779333333,18260.9948666667,18224.3124,17705.7371666667,16170.6996666667,14579.3016666667
"89","2011-08-10",13552.3089,12852.2768333333,12432.5602333333,12259.4793666667,12372.0604,13272.6980666667,14764.1311,16463.1488333333,17630.5903333333,18506.1460666667,19225.6183666667,19785.1756666667,20085.2504333333,20316.4453,20445.2730666667,20392.6728333333,20249.8111,19975.1768333333,19272.0345666667,18779.4572666667,18772.7522666667,18062.2047,16362.9046666667,14636.3310666667
"90","2011-08-11",13123.2832333333,12348.9381333333,11947.4360666667,11708.2409333333,11810.1158333333,12549.468,14002.0811666667,15777.9003,17053.7464333333,17970.1013666667,18630.3337333333,19058.6340333333,19278.0897666667,19541.4147333333,19640.5949,19658.9483,19663.9343666667,19459.8130666667,18867.9156333333,18300.7623666667,18267.7447666667,17608.6251333334,15863.2555666667,14140.8729
"91","2011-08-12",12794.6060333333,11977.9168333333,11495.9650333333,11308.1284333333,11382.9846,11975.4994,13306.7239666667,15081.7510666667,16292.9029333333,17304.1316333333,18012.9715666667,18464.2760333333,18684.8838,18957.3140333333,19079.7068,19120.4059333333,19108.8716333333,18898.099,18330.845,17834.5628666667,17933.2617,17173.6961666667,15561.8282,13864.5508
"92","2011-08-15",13007.8052333333,12392.1475,12026.3033333333,11899.5827666667,12112.113,12842.6712333333,14431.2319666667,16061.0403,17017.7857,17643.5323666667,18014.5065,18265.5965,18125.8021333333,18127.5190333333,17854.5405333333,17545.8508333333,17406.3669333333,17239.9055666667,16935.5816,16642.7340333333,16745.5238,15936.8370666667,14519.2053666667,13027.8372
"93","2011-08-16",11525.9532,10917.0285666667,10580.0997666667,10476.7616666667,10651.7915666667,11395.0210333333,12964.9966,14575.2569333333,15492.6158666667,16191.0197666667,16738.2009333333,16937.9427666667,17019.8469666667,17087.1656,17029.4955333333,16945.9771666667,16982.4131666667,16854.4114666667,16650.6615,16369.8202666667,16350.0678666667,15969.6018666667,14466.5069666667,12943.79
"94","2011-08-17",12465.9356333333,11813.2597,11365.3253,11182.9637,11334.778,12018.0069333333,13462.0850666667,15331.4828666667,16728.2570666667,17757.5150666667,18649.0507666667,19216.3314,19568.2652666667,19901.5187666667,20065.9449,20048.1829,20006.9234333333,19730.2292333333,19109.4044333333,18529.0796333333,18592.0700333333,17847.0381,16173.4823666667,14423.0213333333
"95","2011-08-18",13165.7698333333,12364.7764666667,11976.0419333333,11720.2982666667,11896.3459,12629.4234333333,14115.119,15984.1772333333,17340.0927333333,18407.7465,19323.5033333333,19944.463,20401.8923333333,20869.5299666667,21062.8118333333,21197.5537333333,21259.3770333333,21131.7453666667,20486.4414666667,19874.6816666666,19919.6567,19132.8350333333,17287.9374333333,15442.7845333333
"96","2011-08-19",14127.0652666667,13367.372,12895.9634333333,12612.1194333333,12756.0299,13454.8019333333,15076.6818666667,16928.9854666667,18260.4968,19297.4376333333,20255.7703,20995.6223666667,21375.0941,21753.3119,21876.2472666667,21702.9662333333,21501.2529,20852.8178666667,20188.3004333333,19595.7347666667,19441.4051,18650.3092,16810.7782,15024.8058333333
"97","2011-08-22",14709.5613666667,13794.8968333333,13240.8379333333,12937.1676,13000.8942666667,13633.3799,15218.8472,16699.6124666667,17653.6838333333,18280.8080666667,18773.8459333333,19154.5954,19214.2532666667,19340.3560666667,19285.8024666667,19190.3281,19094.2214,18715.1747,18110.6330666667,17575.4573333333,17530.0878333334,16739.5069,15291.8028,13660.2775333333
"98","2011-08-23",11516.8812,10869.7729333333,10502.4077666667,10331.1122,10471.4826,11121.2222333333,12529.5205,14205.2685333333,15441.1191666667,16207.6780666667,16862.2263666667,17231.3293666667,17338.8815666667,17547.1575333333,17521.4753,17472.2729333333,17486.5175666667,17265.3777,16732.5899666667,16373.6527666667,16476.1280333333,15980.3497,14506.6519,12966.867
"99","2011-08-24",11987.1775333333,11313.1371666667,10968.105,10825.5694333333,10983.2969666667,11643.9139333333,13160.7257333333,14920.8520666667,16110.4243,17035.7777666667,17790.3572333333,18287.6658333333,18572.995,18789.5830333333,18911.3376,18898.6465333333,18873.4259333333,18601.5772,18013.2748,17584.307,17668.7522333333,16993.0215,15348.1927666667,13737.9141
"100","2011-08-25",13270.2341666667,12636.7884666667,12287.5327333333,12133.5046,12312.8482666667,13126.5611333333,14664.2337333333,16450.4872666667,17826.7768333333,18890.9446666667,19743.8764333333,20218.9257666667,20541.0769333333,20778.9225333333,20676.3235666667,20519.5361,20452.6758333333,20207.8741,19828.0341333333,19487.2620333333,19573.4467,18974.6354,17341.8267,15615.0684333333
"101","2011-08-26",14136.4482333333,13269.2691666667,12725.2852,12471.4293333333,12575.4375666667,13277.2356,14726.6732333333,16577.7826333333,17869.6273,18985.6718666667,19942.7390333333,20599.4726,20970.1673666667,21362.7347,21641.1310333333,21647.9559333333,21550.1551666667,21191.3839333333,20560.3339,19986.5731,19977.9389333333,19090.2793666667,17285.6882,15450.2516666667
"102","2011-08-29",11831.5445666667,11160.7388333333,10802.3723,10666.6296333333,10893.2608666667,11678.4327,13160.6880666667,14770.5200666667,15926.4833333333,16629.6707666667,17198.3293,17543.4086333333,17639.4316666667,17913.3407,17909.5736333333,17857.5876,17711.7967666667,17462.5962333333,16903.4020333333,16660.8798666667,16747.4898666667,15963.7767666667,14461.92,12948.1059666667
"103","2011-08-30",11447.0420333333,10821.5368,10506.9115,10349.6832333333,10515.4781333333,11226.5185666667,12650.1443666667,14360.8188,15581.3105,16371.4093,16999.9462333333,17417.0282666667,17532.0899,17761.5219333333,17737.7119666667,17708.2512666667,17752.7828,17625.6907333333,17113.5014,16759.9926666667,16845.9422,16278.3588333333,14768.0917333333,13160.7693666667
"104","2011-08-31",12222.9682333333,11522.6544666667,11128.5464,10980.8903,11173.7424666667,11858.1256666667,13252.9316666667,14949.1377333333,16221.3329333333,17200.7404666667,17998.4735333333,18534.1482,18811.5763666667,19126.7515,19247.5762333333,19220.3601,19201.0417333333,18807.3565666667,18199.0273333333,17755.7598666667,17876.1346333333,17026.5595,15427.9060666667,13816.0114
"105","2012-06-01",11334.8619333333,10676.2818333333,10295.9338333333,10228.5392666667,10352.1675,11018.2721,12615.8100666667,14159.3754666667,15104.3858666667,15777.9904333333,16319.5906666667,16576.0772333333,16616.7231,16651.1543333333,16544.0251666667,16389.9312333333,16242.3005333333,16026.2941,15670.7293333333,15444.0987666667,15543.4111,14958.7709333333,13495.3095,12062.4922666667
"106","2012-06-04",10770.0265666667,10233.9229666667,9957.24846666666,9917.80596666667,10188.3847,11044.1862666667,13069.7868333333,14622.4994666667,15257.5984,15650.1618666667,15940.4653666667,16033.6743,15999.7944666667,16002.2719666667,15891.5702666667,15794.5674,15824.7705666667,15797.1182666667,15629.4136,15494.9719333333,15605.7777333333,14904.4062333333,13313.7996,11780.5370333333
"107","2012-06-05",10607.9456,10129.3933,9885.6756,9804.39846666666,10008.5011666667,10756.8559,12728.8200333333,14396.8052666667,15153.6865333333,15568.4771333333,15924.4981333333,16037.4549,16035.0746333333,15990.6273,15848.4406333333,15761.1012,15811.9270333333,15756.9810666667,15539.6122666667,15381.5478666667,15532.1601666667,14816.3929,13218.2507,11707.7235666667
"108","2012-06-06",10699.1337,10170.0474,9889.16036666666,9798.1956,10049.24,10860.9418333333,12702.9062333333,14374.1912333333,15115.8399,15522.2664333333,15866.6709666667,16001.4188333333,16019.7005,16056.3742333333,15939.1103333333,15827.3195333333,15828.7899333333,15696.4176333333,15393.7329333333,15229.5877,15528.3049333333,14987.3931,13361.3319,11816.4736666667
"109","2012-06-07",10802.7615,10265.0995,9982.10566666667,9893.27600000001,10127.8947,10948.2516333333,12722.8178,14349.0908666667,15169.8316333333,15671.1797333333,15986.8481,16202.5377333333,16205.3411333333,16331.5171666667,16224.5415,16073.7002666667,15934.7936333333,15684.6455,15395.9909333333,15320.4006,15561.7705333333,14950.2118666667,13476.3541333333,11980.7318666667
"110","2012-06-08",10958.9553666667,10350.5655,10057.8259666667,9963.12913333333,10174.7332,10950.8626,12710.9351,14401.5981666667,15376.9093,16043.8512666667,16534.6482,16772.3193666667,16871.6819333333,17060.0095666667,16981.9572333333,17056.5866,16934.2799666667,16556.3723666667,16155.5206333333,15935.9607,16228.2216666667,15711.284,14273.6839,12723.5501
"111","2012-06-11",11538.3113,10901.6343333333,10538.4869333333,10380.9507666667,10525.4058666667,11184.6868666667,12923.0671666667,14623.7632333333,15570.6743,16215.2920666667,16751.9969333333,17013.5964333333,17137.7138,17238.6119333333,17214.5226,17149.8800666667,17066.1489,16910.9516333333,16474.4899666667,16249.185,16260.1994333333,15795.5244333333,14139.9618666667,12599.7362
"112","2012-06-12",11338.6065,10771.1578333333,10448.7064666667,10353.6084333333,10558.2916666667,11332.0391333333,13054.4370333333,14724.8129666667,15685.6970666667,16312.626,16863.2579,17151.9044666667,17328.1271,17437.8344333333,17408.3863666667,17171.1942333333,17135.6307333333,16942.4379333333,16618.4622666667,16399.5121333333,16456.6209,15867.3689,14270.4015,12846.4956
"113","2012-06-13",11468.9245,10911.404,10588.7237666667,10479.7062666667,10678.1863333333,11428.0565333333,12991.8932333333,14566.3401666667,15674.1359333333,16373.9306,16847.9992333333,17058.8324333333,17132.4724666667,17209.2919333333,17067.0707333333,16858.0027333333,16793.0758,16697.8867666667,16435.8107666667,16271.8689,16190.0355666667,15565.1765,14196.7054333333,12716.0851333333
"114","2012-06-14",11518.2995333333,10950.8003,10556.9079333333,10435.6452,10552.422,11179.0961,12735.3084,14415.7419333333,15557.8562,16228.6047,16738.9669,17009.1128333333,17155.6561,17277.6195333333,17291.6051333333,17226.5464333333,17217.2149,16933.1708,16537.3391666667,16181.5543333333,16279.6189,15871.7735666667,14365.8644,12774.6335666667
"115","2012-06-15",11314.9310333333,10699.7121666667,10346.7275333333,10201.0952666667,10357.8513333333,10987.5208333333,12653.9979333333,14311.0374,15326.5541666667,16106.0789,16688.4119,17043.5520666667,17173.2056333333,17349.9035333333,17300.7564333333,17201.2103,17201.0650333333,17019.6052666667,16540.4445333333,16181.6766666667,16271.6287333333,15751.5540333333,14186.9403,12612.3566
"116","2012-06-18",10728.9888333333,10206.829,9914.08983333334,9843.30456666667,10093.9523666667,10863.8012666667,12610.9664333333,14212.9885666667,15095.0031666667,15547.6368333333,15938.8915666667,16139.3366666667,16139.7021333333,16218.6390333333,16148.8409333333,16052.9081,16028.3193666667,15883.1879333333,15578.1632333333,15381.8459666667,15559.2485333333,15057.2372666667,13567.1542,12086.7758666667
"117","2012-06-19",11043.8273,10471.8123,10243.4454,10138.1377666667,10358.3733333333,11139.785,12807.9061666667,14496.9337666667,15564.2811666667,16169.8638666667,16660.4911,16964.6160666667,17026.8596666667,17108.4915,17054.8770333333,16990.9756,16985.8312333333,16786.2199,16496.7690333333,16266.0119,16567.2612666667,16019.7503333333,14485.4435666667,12980.2062333333
"118","2012-06-20",12516.2864666667,11864.3705666667,11540.1508,11472.2334666667,11567.2012,11913.2242333333,13033.4300666667,15078.5721,17231.4698,19163.0616333333,21094.9526666667,22119.2354333333,23298.3127333333,23849.8425333333,24179.0813333333,24461.1483,24539.0279666667,24450.4892,24160.7035666667,23403.3115,23150.0993666667,22714.1825,20526.2244333333,18443.3167333333
"119","2012-06-21",17079.5059333333,16141.9882,15590.2068333333,15215.9039666667,15250.0243333333,15710.1096666667,17223.2720666667,19466.1141,21355.3745333333,23035.7765333333,24128.5813333333,24941.0563666667,25449.1424,25811.5025666667,25914.9629666667,25956.2057666667,25841.3138,25393.1959333333,24753.8295666667,23908.7711,23637.4093333333,22765.7298,20471.8322,18266.1549333333
"120","2012-06-22",16267.3437666667,15314.8729666667,14640.2683666667,14469.9544333333,14359.1581666667,14872.4394666667,16630.9939,18711.3608666667,20788.6463666667,22382.3019333333,23386.3804,24246.3247,24627.1911333333,24894.5729,24889.1879666667,24844.2954333333,24446.1657,23526.6188,22237.9100666667,21076.6922333333,20673.5595333333,19771.7523,18051.1239,16202.2057333333
"121","2012-06-25",13892.2586333333,13123.1818333333,12545.3700666667,12268.0794333333,12348.0547666667,12793.7874666667,13813.1629,15428.0952666667,16563.1425666667,17314.2666,17655.0689333333,17790.4563666667,17622.9434666667,17692.7386333333,17450.5026666667,17209.8425,17080.7638666667,16956.5572333333,16653.8130333333,16383.7864666667,16484.1242666667,15926.2571666667,14533.7344,13025.3552666667
"122","2012-06-26",11296.675,10690.1396333333,10364.3542666667,10257.6394,10456.7949666667,11201.7943333333,12853.2844,14506.3396666667,15417.3185666667,15978.4985333333,16510.5989,16742.2136666667,16801.3727333333,16879.3821666667,16860.7201,16660.9088,16582.7837,16344.2185,15994.8571,15810.8465666667,15865.9123666667,15318.4954666667,13852.0369333333,12330.3259333333
"123","2012-06-27",11457.0315333333,10830.3183666667,10539.1123,10403.3768666667,10630.6539333333,11328.0558666667,12905.1545666667,14622.2081,15724.2583333333,16404.5412333333,17093.2518333333,17518.9148,17671.1806666667,17844.2664666667,17804.1095333333,17675.5334,17746.2174666667,17539.9847,17079.7525333333,16705.6837,16804.6646333333,16303.0354333333,14830.6792666667,13245.3749333333
"124","2012-06-28",12960.2468666667,12156.9553333333,11650.9046666667,11441.9437,11563.9882333333,12157.5705,13693.3090333333,15502.0341666667,16817.3681,17830.5267333334,18650.8668,19220.0146,19544.5873333333,19943.6760666667,20130.5011333333,20295.0408666667,20230.4771,19977.1384,19428.5209,18737.9326,18550.6253666667,18028.6785,16376.575,14698.3224666667
"125","2012-06-29",13248.2794333333,12463.8281,12068.7118333333,11869.3946,12065.2183666667,12792.4383333333,14434.7519333333,16291.0891,17605.4708,18542.2672,19259.3586,19887.3379333333,20369.1757666667,20745.7006666667,21049.8611,21310.4896,21660.3125666667,21427.8076333333,20807.5537,20280.1394333333,20357.9773333333,19628.9665333333,17944.3860666667,16182.1416
"126","2012-07-02",14016.3761,13113.3723666667,12598.4358333333,12381.0408,12450.5561666667,13030.0030666667,14559.5160666667,16421.731,17815.3338666667,18889.6593666667,19774.1182333333,20367.7059333333,20653.6035,20997.4896333333,21023.9775333333,21010.6921666667,21015.7976333333,20811.9521333333,20344.9228666667,19671.5123333333,19611.5342666667,18943.6160333333,17090.3745666667,15186.0114333333
"127","2012-07-03",13573.5295666667,12737.9486,12229.7902333333,11961.8300333333,12065.3988333333,12637.8593666667,14291.1702,16187.1271666667,17575.3649333333,18695.0709,19619.5128333333,20306.1159333333,20698.0512666667,21114.9101,21323.1943333333,21368.4405333333,21422.4752,21055.1261666667,20373.4893666667,19764.5685,19558.3118,18772.2251,16947.1173666667,15122.3037666667
"128","2012-07-04",14039.7254666667,13189.2657666667,12725.047,12454.4624,12621.6062,13317.0655333333,14833.5708666667,16752.8848666667,18077.4046333333,19024.7426666667,19826.2895,20395.7417333333,20890.0220333333,21384.5165666667,21644.2066,21718.3075333334,21898.1723666667,21701.6491,21115.9921,20540.1611,20585.7598,19919.7414333333,18167.6137666667,16476.137
"129","2012-07-05",15387.0141333333,14548.2344,13998.1496333333,13757.3256333333,13830.4931666667,14525.1003,15964.3453,17796.4623333333,19150.1517666667,20223.1096333333,21101.5674333333,21646.3481666667,21984.1306333333,22240.3816666667,22423.3198333333,22275.2074,22347.1881,21856.8469666667,21148.7508333333,20472.7031,20321.0677333333,19414.6765333333,17565.5751666667,15651.6752666667
"130","2012-07-06",13680.3236,12828.5659,12361.8284666667,12115.0768333333,12239.0576666667,12904.8591666667,14409.0462333333,16363.6937666667,17951.6521,19056.8805666667,20081.7946333333,20789.5748,21254.036,21673.5884,22023.2607,22233.1991333333,22427.7800666667,22391.1202,21863.8231333333,21318.1849666667,21343.5509333333,20625.6461,18706.2564,16789.0573666667
"131","2012-07-09",13374.7855333333,12576.9048666667,12101.4011333333,11793.8809333333,11888.9923,12480.5238666667,14196.5680666667,15988.1804666667,17216.7592,18125.0505,18899.864,19385.4892333333,19711.4390666667,20004.0390333333,20115.1987666667,20176.3966,20069.6292666667,19686.0322666667,19083.9247666667,18458.4156,18346.1365,17593.4104,15892.0001,14114.8143333333
"132","2012-07-10",13088.5843,12257.5047666667,11753.7263666667,11489.3656333333,11593.5256,12241.0995,13775.6945,15606.6749,16886.8519666667,17798.0165666667,18595.9296666667,19033.1980333333,19326.9444666667,19623.1284333333,19820.4325333333,19776.2615,19710.7642,19543.7662,18948.663,18388.3407666667,18261.3557666667,17762.3305333333,16180.1293333333,14433.2019
"133","2012-07-11",13454.9007666667,12661.3367333333,12151.1395333333,11885.1147333333,12006.4719666667,12630.0585333333,14104.8107666667,15918.5938666667,17423.5029333333,18582.1481333333,19529.6344,20244.1786333333,20650.2577333333,21106.7904,21365.5895666667,21436.37,21587.5063333333,21310.1830333333,20679.658,20015.5400666667,19723.7243,19084.2416,17182.873,15238.6755
"134","2012-07-12",13573.6065333333,12720.3412666667,12292.3918333333,12034.5004,12186.18,12902.4612333333,14411.6162,16371.6934666667,17947.8830333333,19272.0848333333,20355.8988666667,21133.9903666666,21678.2822666667,22226.5409333333,22489.206,22654.5328,22712.8599,22562.2096333333,21826.3061666667,21058.1534333333,20798.0852666667,19995.4400333333,18049.8574,15995.9660666667
"135","2012-07-13",14468.7346,13435.8776666667,12951.1096,12605.5311333333,12663.5722,13276.7263666667,14834.661,16927.0748333333,18464.5885333333,19747.1847333333,20879.7237666667,21688.2900666667,22208.8011,22749.8122,23005.2721333333,23203.9506333333,23200.231,23037.2308666667,22429.6410666667,21772.8304666667,21567.2205,20814.6936333333,18808.618,16784.707
"136","2012-07-16",15133.2598333333,14284.5476,13816.4187333333,13567.1868,13745.7786666667,14478.6639,16104.8068,18052.3974,19599.8060666667,20933.8148333333,22075.9580333333,22944.0125333333,23426.1984666667,23974.2543,24116.4567666667,24120.8560666667,23662.0775333333,23274.6881666667,22660.0525333333,22034.4308666667,22021.9769333333,21095.6762,19075.5501666667,17060.7840666667
"137","2012-07-17",15586.8306,14683.5344,14124.7282,13831.5774,13903.3261333333,14520.8268333333,16167.2838666667,18190.2378333333,19837.5434333333,21564.63,22838.0226333333,23797.1356666667,24374.4330333333,24890.5785,25116.6405,25278.4799666667,25430.6972,25223.0708333333,24581.1625,23766.5774,23597.6499666667,22540.9972333333,20272.9515666667,18194.0501333333
"138","2012-07-18",17207.4037666667,16428.8177666667,15906.1445666667,15538.3262333333,15725.2342666667,16274.3632,17920.5492333333,19984.956,21731.7242333333,23188.0144666667,24144.488,25012.9040333333,25441.7125666667,25790.7593,25726.0009666667,25441.2047,25164.4682,24314.2526333333,22833.6208333333,21928.5748333334,21588.5729333333,20562.6453333333,18903.0312333333,17059.8121333333
"139","2012-07-19",14774.7120333333,13827.2098,13238.9478666667,12830.7618,12832.1071,13375.9322,14832.3618,16574.4143666667,17674.9968,18468.2260666667,19067.8965333333,19399.2193,19551.4173333333,19769.7877333333,19874.2098,19797.2665,19799.8819666667,19510.9734666667,19000.8258666667,18471.1137,18404.5064666667,17884.4353333333,16174.3516,14413.2944666667
"140","2012-07-20",12944.4918,12224.3017,11797.6471333333,11588.2158,11684.2140666667,12389.5911333333,13806.4629666667,15386.6006333333,16484.5734,17155.6487666667,17573.3517333333,17729.1467333333,17665.2532333333,17640.5090333333,17522.0943666667,17344.1185,17280.9901333333,17089.7429666667,16780.0241666667,16540.3816333333,16690.8448666667,16071.9342,14561.2900333333,13105.7916
"141","2012-07-23",13439.4885666667,12673.2542666667,12257.9124666667,12044.5538,12243.5184,12923.5152333333,14516.8655,16352.7163333333,17692.1224333333,18807.7114666666,19565.1745666667,19963.7499,20310.8876666667,20604.7531666667,20801.1217666667,21023.2455,21170.3812666667,20957.2292,20353.7511,19981.0366,20098.9828666667,19332.3808,17664.7433666667,15896.7999666667
"142","2012-07-24",15030.2202333333,14239.8884666667,13791.3522333333,13570.2788666667,13713.4871666667,14459.2369,15906.9294333333,17760.3496666667,19225.1847666667,20431.2897,21639.2568,22512.0133,22894.8595333333,23466.0540333333,23467.4753333333,23469.0539,22904.8706666667,22315.1561333333,21399.4259,20786.6200333333,20564.0495666667,19573.3859666667,17666.6009666667,15649.7088
"143","2012-07-25",13245.9619333333,12410.5694666667,11940.4254666667,11665.6393333333,11738.3089333333,12364.2749666667,13863.9340333333,15606.1484,16892.2156333333,17782.3402333333,18506.0926333333,19021.3520666667,19242.5941333333,19572.0865666667,19723.8827666667,19939.2713,19916.4347333333,19622.0784333333,19088.3725333333,18502.6327333333,18423.2674,17812.9256666667,16177.1767,14559.0597
"144","2012-07-26",13723.0194,12925.3721333333,12472.4889,12212.8672333333,12368.0215666667,12995.9762666667,14496.8135666667,16366.8575333333,17762.5158666667,18805.9883,19497.6559333333,19827.7879666667,19972.7190666667,20124.3984666667,20357.4090333333,20515.0017666667,20624.3295666666,20543.3875333333,20100.8706333333,19766.1643666667,19814.6918,19057.4882,17393.3812666667,15707.5744
"145","2012-07-27",14346.0765,13577.2466666667,13091.0905333333,12912.8065666667,13038.4975,13794.7785333333,15303.4947666667,17044.2303,18307.0840333333,19191.299,19923.4802,20287.3339,20420.7707666667,20618.4058,20603.2822,20474.2777666667,20483.9144666667,20275.3525333333,19862.2981666667,19383.4926333333,19481.017,18730.5305333333,17080.0264333333,15337.9170333333
"146","2012-07-30",12129.6116333333,11426.5703666667,11084.8157666667,10924.4006666667,11083.3173,11818.7088666667,13315.7441666667,15253.6482333333,16457.2442,17337.6142,18126.422,18628.6185,18999.6132,19377.4533666667,19556.7414,19641.2379666667,19677.9079666667,19363.0773333333,18722.5965,18191.9712666667,18230.3465,17616.0493,15876.3144333333,14187.1538666667
"147","2012-07-31",12697.772,11962.7932666667,11587.7206666667,11392.4092,11592.7917,12301.0124333333,13760.2805666667,15505.7253,16749.4750333333,17616.9966333333,18387.5664333333,18786.8543,18938.9336,19155.0447666667,19115.6399,18876.9142,18765.3415666667,18476.0887,18006.2768,17741.2948333333,17915.3237333333,17134.0989333333,15579.6822,13976.2323333333
"148","2012-08-01",13194.7437333333,12511.8763333333,12088.8264,11952.5273666667,12132.9497666667,12962.2497,14491.3495666667,16223.6234666667,17452.2222333333,18534.5418666667,19405.8836666667,19974.9675,20309.1002,20635.5131,20629.8106666667,20507.4669,20199.0962,19856.2694666667,19219.4452333333,18747.9395,18752.0568333333,18081.0573333333,16492.7081666667,14890.4129
"149","2012-08-02",13763.3556,12998.2518666667,12611.7340333333,12507.6466,12652.4807666667,13394.3211,14872.3844666667,16722.6052666667,18187.4202666667,19304.2450666667,20232.6477333333,21018.7194,21542.118,22078.1996666667,22415.7464,22566.9325333333,22667.7064333333,22459.3944666666,21982.2021,21372.7269333333,21471.7201666667,20562.7722666667,18603.4574,16681.8197
"150","2012-08-03",15066.1337666667,14189.6174333333,13741.7145333333,13459.9048333333,13588.7479666667,14384.0809666667,15876.4973333333,17773.0964,19368.0782333333,20835.0005333333,22147.3335,23066.7576,23629.6892666667,24227.6445666667,24364.0112666667,24413.9503,24282.4563,23991.7038666667,23527.8497333334,23031.9178666667,22932.8916,22060.0283,19841.7681666667,17798.7862
"151","2012-08-06",15242.4541333333,14383.6966333333,13874.1003,13638.2723333333,13706.0375,14414.7193333333,15957.0949,17763.9056333333,18994.0867333333,20169.7241333333,20922.0742666667,21315.6159666667,21469.8109666667,21675.5178,21647.5640666667,21554.1748666667,21423.9341,20984.7349,20247.7664333333,19619.6985,19351.8044666667,18561.0995,16642.5744,14811.9623666667
"152","2012-08-07",12872.9486666667,12050.3134666667,11558.3458666667,11361.9765333333,11530.2087333333,12168.7051,13728.1367333333,15556.7079,16875.5594,17828.1816666667,18648.4701333334,19189.0341333333,19512.2719666667,19784.1305,19964.1792,20047.2044333333,20035.6391333333,19819.0545333333,19262.4892333333,18725.1867333333,18784.3651,18098.1972,16400.2950666667,14651.2446
"153","2012-08-08",13368.6598333333,12588.9400666667,12137.8129333333,11905.9038,11991.4427333333,12630.1974,14177.0426666667,16044.8366333333,17455.1788,18508.0671666667,19502.3604333333,20254.9927666667,20901.4152333333,21475.4595333333,21689.2937666667,21856.2412333333,21980.8216,21626.7228333333,20949.0397666667,20305.4388,20276.1259333333,19465.2915666667,17546.3530333333,15713.321
"154","2012-08-09",14751.6601333333,13929.6165333333,13451.251,13227.4245,13333.7176333333,14106.9883,15622.2924666667,17427.6722333333,18800.3683666667,19938.4965333333,21032.3138333333,21775.5341,22359.2902333333,22882.0867333333,23185.1604,23148.3243666667,23004.6325666667,22657.5494,21977.4823333333,21542.0519,21604.4018,20663.0493333333,18781.9099333333,16872.8988666667
"155","2012-08-10",15051.7949,14205.9282666667,13798.2555333333,13524.2067666667,13684.3202,14484.0293666667,16188.3238666667,18080.1927333333,19469.8194333333,20521.5403,21392.4440333333,21942.9800666667,22188.2882666667,22412.0712333333,22280.089,21814.4731333333,21306.8704666667,20996.7359333333,20543.1854666667,20100.4693666667,20072.0417666667,19307.9524333333,17654.0006333333,15890.991
"156","2012-08-13",14213.3910333333,13389.2039333333,12823.5168666667,12611.7592,12685.5925333333,13344.2781333333,14797.7507666667,16690.5343333333,18065.6354333333,19271.7922,20161.5907333333,20853.4333,21281.1774666667,21624.0923,21863.4906333333,21968.9953666667,21924.8352,21631.7495333333,20977.0228,20312.0789333333,20222.0856333333,19403.2191333333,17523.7980666667,15532.2304333333
"157","2012-08-14",13632.0061,12833.4896333333,12404.7843333333,12123.8458333333,12238.2660666667,12950.19,14357.579,16145.9259,17473.1888,18625.8441,19524.1024333333,20186.5691,20591.5714,20976.2866333333,20832.2744333333,20788.1397,20681.7930666667,20529.0250666667,19926.0972,19598.5196,19577.6880666667,18795.5054333333,17142.6415333333,15335.9913666667
"158","2012-08-15",14318.7901666667,13516.5962666667,13072.5167,12800.9665,12988.7969,13623.4484,15199.1435666667,16912.4429,18015.6485666667,18755.2163333333,19438.3479,19810.1038333333,20193.1411666667,20496.8308333334,20775.5113666667,20854.1379,20888.0092666667,20629.2165666667,19938.4576,19535.6853,19596.635,18776.5472,17069.7638333333,15265.34
"159","2012-08-16",13469.1885333333,12741.6174,12274.2076,12113.3244666667,12203.4428,12993.9766,14467.9166666667,16303.3185666667,17551.0790666667,18500.3561333333,19308.6065,19884.2305666667,20204.4959666667,20468.7586666667,20671.9093333333,20718.7814,20703.5748666667,20258.2799,19653.2003,19067.0821666667,18929.8902666667,18245.3019,16513.1193666667,14805.8077333333
"160","2012-08-17",13598.5565,12803.7004333333,12330.2908666667,12037.7553,12176.3249333333,12913.7591333333,14405.0471666667,16113.5959666667,17465.3663,18574.1081,19485.9188333333,20216.5326333333,20698.0282666667,21234.3492,21499.0143,21583.4369,21614.7797,21421.9777333333,20675.6448,20242.8580666667,20200.0131666667,19199.8326333333,17360.4481,15617.3223333333
"161","2012-08-20",12161.3253333333,11486.3336666667,11104.7280666667,10955.6288666667,11142.7087666667,11835.5125666667,13234.9376666667,14936.3862333333,16182.4304666667,17027.2665666667,17727.6045666667,18139.3028333333,18296.4239666667,18477.0994666667,18483.5328,18347.8879,18307.6435333333,17979.3339666667,17507.3032666667,17321.3195333333,17518.4921666667,16784.6375666667,15209.1144,13626.7435666667
"162","2012-08-21",13107.3731333333,12376.6285333333,11956.6330333333,11729.0803333333,11879.4668666667,12608.3431333333,14021.0998666667,15788.8192666667,17050.0202,17926.7212666667,18700.4046,19203.9419333333,19418.3314333333,19743.4938,19821.7425333333,19935.3636666667,19856.8697,19612.1200666667,19020.1191,18463.6983666667,18498.9164,17717.9952,15956.6996333333,14248.8563666667
"163","2012-08-22",12605.7433666667,11856.8098333333,11424.5066666667,11269.0777,11366.1389333333,12028.2651,13372.1064666667,15128.2718333333,16432.9719,17417.3705333333,18135.9993333333,18624.8258,18890.8462333333,19182.2165,19317.3980666667,19390.0377333333,19306.6759333333,19070.7415333333,18481.786,17941.0210666667,18062.4502666667,17364.0209,15758.75,14048.4636666667
"164","2012-08-23",13154.0037666667,12411.9046666667,11979.4874666667,11740.2787,11893.0256,12613.3159,14048.5601,15803.2895333333,17128.4935,18168.6148333333,19089.6014666667,19761.6246666667,20255.4948333333,20653.8879333333,20929.3527,21083.1081666667,21158.0511333333,20903.0923333333,20247.9024666667,19755.6995,19705.8442333333,18825.6903,16962.2902333333,15161.4030666667
"165","2012-08-24",13433.2878333333,12650.2896666667,12156.1005666667,11942.0311,12062.3988333333,12744.5136666667,14240.4549,16024.5993666667,17407.0980333333,18491.4497333333,19384.2248,20020.6193666666,20396.3499333333,20696.5803333333,20919.0528666667,21070.8122333333,21133.4825,20835.5129,20207.1365666667,19577.9120333333,19608.6386333333,18773.5323,17054.0600333333,15241.9703666667
"166","2012-08-27",12890.6790666667,12178.5411333333,11722.1761666667,11431.7025,11541.7719666667,12200.0601666667,13744.1991333333,15657.0507666667,16966.4826666667,17843.6741333333,18743.7217333333,19268.0884666667,19617.0704,20027.0474333333,20225.2501,20306.4222666667,20350.7524666667,20184.5732333333,19613.1510666667,19248.2287666667,19466.4574,18769.0086333333,17173.83,15473.03
"167","2012-08-28",14874.662,14140.0681,13732.3667333333,13492.2779333333,13684.2719666667,14449.7051333333,16086.5732666667,17837.9478333333,19095.4352666667,19979.2543666667,20460.0856333333,20740.061,21015.1266,21281.2552,21403.4110666667,21444.5855,21446.6898,21200.9774666667,20591.9331333333,19974.4885,19873.7100666667,18961.4115666667,17133.4443333333,15165.1677
"168","2012-08-29",13367.0162666667,12504.4583,11971.2110333333,11633.9494666667,11694.0583,12325.0631666667,13616.326,15110.9837333333,16179.3914666667,16795.3162666667,17339.4372666667,17596.0873333333,17740.4305333333,17889.4696333333,17893.0797666667,17809.1127,17783.3278,17515.5188,16954.6875333333,16621.0249333333,16706.6382666667,15985.5792666667,14514.5602,12994.8826666667
"169","2012-08-30",11378.6232666667,10796.2274,10472.6931666667,10360.8852666667,10523.3087,11226.3554333333,12597.4602,14311.1843,15544.223,16364.4892666667,16985.5048333333,17448.6434666667,17616.8877666667,17890.5494666667,18130.5850333333,18228.0238666667,18333.1297333333,18169.7262333333,17734.006,17383.6724,17425.2795,16843.8656666667,15293.3637333333,13749.2850333333
"170","2012-08-31",13530.9195666667,12678.6880666667,12231.3543666667,11966.5506666667,12057.9137333333,12571.5717666667,14173.3190333333,15800.9553,16950.2171333333,17984.5086333333,18835.1467,19621.0574,20005.5611,20414.9890666667,20702.4961,21024.3968666667,21135.8546,20903.2469333333,20467.7163,20075.6497666667,19983.7998,19526.5443333333,17727.2018,15991.0043
"171","2013-06-03",13248.1714,12584.2019333333,12159.7108,12014.3825,12163.2224,12891.3266666667,14136.9856333333,15739.5205333333,16663.6449,17312.5049333333,17541.4265,17848.2379333333,17726.3709333333,17686.18,17641.2637333333,17798.3998333333,17809.0486333333,17565.2396666667,17083.2133333333,16789.9248666667,16728.6202,16186.7576,14768.4959,13186.8396666667
"172","2013-06-04",11385.3793333333,10719.3911666667,10379.1402666667,10259.3392,10471.0029333333,11162.1227333333,12711.3353333333,14339.9337,15178.3045666667,15598.2681,16022.1543,16210.6137,16264.9803,16409.6763666667,16358.6591666667,16204.9855,16148.8968666667,15969.62,15607.5114666667,15399.7276,15598.1419666667,14985.0827,13438.0550666667,11927.3058333333
"173","2013-06-05",11220.6548,10581.7766666667,10249.0346666667,10124.5636666667,10306.6192333333,10999.266,12529.3573666667,14148.4061,15032.6338333333,15584.4616333333,16139.9906333333,16332.8458,16424.1389666667,16526.4569,16453.6638333333,16338.0645,16326.7960666667,16131.5426666667,15709.5079333333,15486.9268666667,15623.9870666667,15069.4938333333,13532.712,12044.8311
"174","2013-06-06",10958.5879,10427.3453666667,10132.9949,10035.0249666667,10260.9863666667,11004.5852333333,12641.0040666667,14212.1141333333,15173.4388666667,15773.5503666667,16204.6784,16450.4498,16426.8031333333,16466.8119333333,16370.1843,16197.6927666667,16072.8297333333,15854.7394333333,15580.6148,15511.1357,15646.7652666667,14952.6569333333,13506.5602333333,12055.4204
"175","2013-06-07",10779.8531666667,10225.2924333333,9940.35036666667,9876.81056666667,10147.0339,11006.3069333333,12926.1476666667,14561.9311333333,15209.0834333333,15593.8459,15900.7539,15993.0595,15951.1859666667,15913.5659666667,15736.1039666667,15654.6804,15675.227,15660.7312,15500.2278666667,15361.2788,15443.2591,14718.0497,13220.8542,11828.7480666667
"176","2013-06-10",11861.2102,11274.4683666667,10893.7641,10746.8642,10926.0433666667,11581.5514333333,13084.8541,14718.1520333333,15745.8352333333,16347.4817,16783.6518666667,17014.4653333333,16965.4451666667,16938.4825666667,16738.0593333333,16434.3061666667,16386.6602333333,16254.4156,15966.4003666667,15800.3289333333,15715.9746,14994.6254333333,13664.8923,12282.2437333333
"177","2013-06-11",10799.3239333333,10266.8402,10000.8063666667,9952.12473333333,10160.3238666667,10990.0107333333,12784.9709,14570.0975666667,15379.2237333333,15880.6795666667,16229.0511333333,16375.6949,16350.7587,16342.2681666667,16201.4938333333,16075.6399,16067.8209,16011.5540666667,15781.1421666667,15559.3223333333,15618.6495666667,14976.3772,13512.6736333333,12039.5347333333
"178","2013-06-12",11130.3215333333,10532.2759,10224.5566,10128.2662666667,10339.4141,11083.9339333333,12732.4407333333,14345.6272333333,15345.5144333333,15962.2695666667,16448.7529666667,16729.5743333333,16748.2263,16846.7614666667,16842.3877,16653.2752333333,16612.9593333333,16362.8703666667,15958.9027666667,15833.2441666667,15871.1189666667,15370.9640333333,13882.5601666667,12362.1369333333
"179","2013-06-13",11106.3154,10457.5904666667,10184.3978666667,10069.4896333333,10276.1244,11060.4679,12796.3510666667,14454.9723333333,15208.6264333333,15756.2118333333,16151.8327666667,16360.9106666667,16238.5501333333,16163.4168666667,16007.7410666667,15766.4442666667,15703.6554333333,15573.4828666667,15315.6885333333,15177.7189333333,15165.3947,14575.4876666667,13250.9876,11867.9006
"180","2013-06-14",10774.4051,10234.9694333333,9938.0998,9881.73166666667,10119.3266,10925.6494333333,12728.7112333333,14375.296,15190.6143333333,15684.2719666667,16060.2304666667,16279.1606,16341.2683666667,16411.6584666667,16438.4520666667,16405.8149333333,16385.9981666667,16275.9953666667,15945.8689333333,15736.8939333333,15978.1997666667,15480.9221,13987.7897,12425.5280666667
"181","2013-06-17",12559.7011333333,11845.7881666667,11330.758,11161.3796333333,11286.0875,11964.7871333333,13617.4455333333,15491.1657333333,16809.4378666667,17806.2507333333,18630.1344666667,19195.3753333333,19553.9524333333,19997.7456666667,20145.1128666667,20103.4029333333,19934.5724333333,19355.4782333333,18439.6015666667,17800.8469333333,17749.9009333333,16730.8812,15167.3665666667,13454.7624333333
"182","2013-06-18",11899.5793666667,11275.2621666667,10929.2766666667,10829.6988666667,10981.285,11672.8295333333,13196.5356666667,14784.4810333333,15843.4026666667,16517.1612666667,17098.5859,17363.5440333333,17466.5157333333,17575.1486333333,17350.0092333333,17014.5416333333,16759.2164,16583.9962333333,16226.4070333333,16056.3551666667,16016.7731333333,15328.201,13878.4436333333,12544.9421666667
"183","2013-06-19",10915.7182,10369.1980666667,10001.2539666667,9896.89973333333,10115.3371,10853.3119333333,12590.5444333333,14217.8915333333,15047.4691666667,15666.2265333333,16199.2922,16454.9186333333,16520.2185666667,16624.8902,16598.4313333333,16487.3654,16400.3573666667,16167.1996333333,15791.1876666667,15503.8508,15685.0290333333,15206.8603666667,13538.1876333333,12099.7519
"184","2013-06-20",11201.4829,10626.8766666667,10308.7950333333,10189.7072,10370.1778,11031.7707333333,12594.0635666667,14262.4006333333,15329.1580666667,16013.2552333333,16569.1739333333,16851.0963,16980.9577666667,17111.6746,17146.7474666667,17058.0654666667,17019.4342666667,16827.2951666667,16386.1711333333,15998.3587,16037.5979333333,15566.1146666667,14113.343,12634.7939333333
"185","2013-06-21",11771.0960666667,11112.7811333333,10700.9937666667,10551.7283666667,10676.3060666667,11340.7515333333,13010.3470333333,14846.3935,16033.3787,16951.9468666667,17785.18,18284.5896,18517.2866666667,18878.1213666667,19017.5435666667,19146.0073666667,19162.9522666667,18890.7193333333,18384.4356,17873.0878,17949.9871,17246.5852,15632.1784333333,13937.2353
"186","2013-06-24",14966.9462,14067.6479333333,13594.0319,13398.5699666667,13512.3165333333,14211.5696,15925.6982333333,17926.5849333333,19666.8363666667,21284.6907666667,22675.4998666667,23659.9398,24186.2987,24644.0391666667,24799.9049,24635.6906,24298.0194666667,23949.1365666667,22824.5588,21766.1182333333,21450.6439666666,20342.7662,18365.8277666666,16531.7138
"187","2013-06-25",14651.0109333333,13805.4378333333,13372.2325666667,13073.2533333333,13168.8265333333,13848.8247,15392.9344666667,17436.2904333333,19129.6443333333,20556.5805333333,21837.6927,22762.1078333333,23324.4640666667,23778.9031,23879.9811666667,23804.9512,23650.2849666667,23273.6769666667,22485.2835333333,21688.3080333333,21518.6023666667,20681.4298666667,18777.8144333333,16821.4011
"188","2013-06-26",14636.0091333333,13860.4092,13409.1198666667,13227.8972,13456.9875,14216.5918333333,15919.2281666667,17873.0127,19392.7747,20479.621,21341.9341,22055.5695333333,22331.2820666667,22544.9080333333,22331.5866,21933.3243,21601.6914,21104.9710666667,20544.1344333333,19860.3527666667,19855.8186,19182.4444,17425.3353333333,15678.3253666667
"189","2013-06-27",13175.2539333333,12448.3468333333,12019.0826666667,11807.5800666667,11965.6845333333,12579.4761666667,14085.2689666667,15873.7143666667,16912.8945,17637.9587,18191.8062,18432.8371666667,18482.9192666667,18438.9421333333,18378.3723333333,18292.8839,18048.6727666667,17931.0920333333,17441.1538333333,17078.1373,17129.2155,16433.4379333333,15106.9672666667,13543.7269
"190","2013-06-28",12698.0309666667,12015.0956333333,11650.3004666667,11499.9511,11620.0165,12138.3936,13383.4117,15077.6026,16448.0801,17558.5458,18406.5771666667,18899.0534,19226.5028666667,19519.3343666667,19808.3811666667,19913.4061666667,19900.9002666667,19794.2410666667,19368.1564666667,18963.4779333333,19110.9942333333,18452.1202666667,16859.9921333333,15102.4298666667
"191","2013-07-01",14358.5641,13583.2849666667,13235.7924,13022.7378333333,13212.6429333333,14103.2302333333,15746.981,17589.9152333333,18873.7436,19764.9570666667,20482.5906333333,20993.3670333333,21186.4274666667,21381.2841666667,21354.0892333333,21139.3811,20985.2170333333,20726.7407333333,20366.4327333333,20110.3724,20133.3231,19328.3788333333,17569.0531666667,15763.8832666667
"192","2013-07-02",14494.0053,13710.2434333333,13308.1149666667,13100.8227,13274.0154666667,14111.6751666667,15727.2,17562.2607666667,18830.5790666667,19637.5079666667,20289.8969666667,20709.8547333333,20807.1260666667,20963.0206,21027.2327333333,20841.4137666667,20598.0329,20237.5046666667,19653.7670666667,19216.5720666667,19164.0443,18343.3971333333,16612.0570333333,14932.9447666667
"193","2013-07-03",13320.6309,12545.8183,12157.7295333333,11979.9740666667,12165.2942,13012.1175333333,14599.0717,16575.0887,18013.1736333333,19237.6432,20194.1514333333,20887.8862666667,21461.9905333333,22022.2506666667,22344.6061333333,22508.2389,22672.0795333333,22534.8133,21976.9750333333,21451.0135,21658.3002666667,20788.6466666667,18758.1685666667,16873.9754666667
"194","2013-07-04",15171.4779333333,14318.8622333333,13851.7569666667,13596.4734,13710.5271333333,14437.2865333333,16207.3244333333,18426.0038333333,20115.7976666667,21619.9999666667,22897.5964,23826.5567,24298.8999666667,24744.2831333333,24914.1266,24942.5968333334,24468.4325666667,24243.7123666667,23690.1161,23158.2188666667,23151.601,22529.7513333333,20348.4821666667,18206.2608333333
"195","2013-07-05",16948.987,16020.5051,15496.2443,15144.4528,15223.8093333333,15867.5744,17516.6361333333,19694.5360666667,21549.0778666667,23044.1626333333,24276.4881333333,25257.0967,25780.0744333333,26173.7565333333,26335.5268666667,26357.9163333333,26190.4937,25729.2779666667,25036.9401333333,24194.7312333334,24040.9364,23328.7174,21128.1194333333,18838.4675666667
"196","2013-07-08",15941.6608,14978.2374333333,14545.3119,14235.3846,14477.8076,15161.0708,16814.2610666667,18679.6862,19989.3647,20913.1593,21745.5968,22350.9069666667,22720.1233,23031.1863,23003.6261,22914.5302,22722.2219333333,22125.0402,21393.9101,20684.5380333333,20562.7519,19696.4864333333,17907.1356333333,16059.63
"197","2013-07-09",13948.9652,13140.4106333333,12672.3218666667,12461.6667333333,12636.6989,13398.9933333333,14945.4616666667,16692.7454,17932.5500666667,18738.76,19394.3427666667,19719.2784333333,19910.4498666667,20063.9427,20101.2371,19999.5276,19949.2457333333,19749.7422666667,19351.5569333333,19002.7546666667,19070.6167333334,18434.4939666667,16842.0493666667,15163.2781666667
"198","2013-07-10",14052.1738,13247.2261,12849.9075,12659.4213,12770.0068,13520.7908666667,15101.9791666667,16871.6872,18062.1609333333,19161.266,19994.2529,20533.7195333333,20894.1857333333,21241.5532,21264.1131333333,21120.4367,20869.1433333333,20712.0000666667,20169.2425666667,19867.596,19935.0112333333,19063.8445666667,17389.6378,15690.8680333333
"199","2013-07-11",14998.2857,14210.9029666667,13789.2478666667,13590.4411,13813.6384333333,14613.0466666667,16394.7854333333,18184.7342666667,19401.6256333333,20289.2839666667,21062.9968666667,21532.0277666667,21812.07,22072.4876333333,22107.0945,22037.6520666667,22055.3778333333,21748.6155666667,21201.134,20609.6713,20612.8481333333,19653.2041333333,17844.302,16066.1532
"200","2013-07-12",14146.6689666667,13213.5252333333,12759.3108,12521.3333666667,12571.7638666667,13233.4396,14778.1678666667,16569.0855,17766.2002333333,18648.7595666667,19258.0058333333,19549.3399666667,19540.0103333333,19624.4844666667,19723.9375,19567.6281666667,19506.1073666667,19078.3859,18521.3897333333,18067.0509666667,18080.9375,17578.2549666667,15958.8107666667,14290.2707333333
"201","2013-07-15",16368.4409666667,15279.4168,14642.0309666667,14437.5304333333,14336.8604,15028.6132,16762.2413,18882.5848333333,20586.9550666667,22080.8201,23415.5983,24439.6874666667,25074.6311333333,25592.3169666667,25701.0270333333,25771.6250333334,25538.5734333333,25143.4940333333,24469.4476333333,23744.0644666667,23479.8315333333,22658.7831,20341.9288333333,18043.7958666667
"202","2013-07-16",16464.2162333333,15487.326,14890.7351666667,14640.1037666667,14697.5862,15203.3728333333,16979.8787,19232.9199333333,21107.0611,22597.0991666667,23685.9838666667,24515.9352,25016.4318666667,25379.6397,25446.7043333333,25519.6586333333,25372.2101333333,25007.0904333333,24206.0107,23387.8182,23083.3838333333,22286.9091666667,19914.1282333333,17727.5042666667
"203","2013-07-17",15819.3748333333,14946.3155666667,14326.1016333333,14022.6463666667,14084.9676666667,14675.8441333333,16443.1094666667,18601.6343666667,20354.8030666666,21832.9023333333,23117.7100333334,24158.8895666667,24680.3357333333,25196.3399666667,25363.9474333333,25473.6902333333,25486.7684333333,25134.6048,24600.2492333333,23803.1083,23671.0439666667,22869.909,20605.4912666667,18368.4029666667
"204","2013-07-18",17135.3036333333,16219.5614,15571.9857333333,15275.6887333333,15301.3428,15925.6706,17510.6756666667,19747.9830666667,21576.2017666667,23067.1506666667,24265.4554,25136.8641,25577.9809666667,26008.7761666667,26157.422,26037.9003666667,25780.3242333334,25283.0453333333,24472.3218333333,23654.9762666667,23417.4005333333,22859.1346333333,20664.6942333333,18402.5188
"205","2013-07-19",17165.9371,16248.8349333333,15655.0166333333,15286.0007333333,15322.9020666667,15997.3230333333,17604.9947333333,19894.5242666667,21801.0266,23418.0092,24763.2716333333,25631.7100333333,26129.9303,26560.3872666667,26664.7253333333,26669.6625333333,26610.5162,26262.4292666667,25540.3364666667,24774.0471,24563.9242666667,23764.0811333333,21588.0463,19347.9290666667
"206","2013-07-22",14071.6657333333,13271.4582666667,12763.9107,12517.7857666667,12626.5792,13324.5962,14901.0973,16692.4362333333,17976.1425666667,18995.1114,19782.4152666667,20271.0981,20588.3217666667,21034.8172333333,21069.3276,20995.5403333333,20788.7013666667,20531.2890333333,19874.4732666667,19567.7742,19619.8198333333,18811.613,17089.4152333333,15314.9552333333
"207","2013-07-23",14156.0487,13428.6250333333,13011.1347666667,12796.2247333333,12960.7353333333,13797.8078,15363.2446333333,17184.3363666667,18446.7111666667,19394.5561,20014.9588,20531.5360666667,20730.0355333333,20980.7431,21082.3529666667,20952.0969333333,20867.8057,20590.6389,20051.9796666667,19716.0147666667,19763.4005333333,18946.9359666667,17241.9112,15502.0031
"208","2013-07-24",14309.4455666667,13551.5479333333,13147.312,13008.7264,13160.8874666667,13962.7587,15636.8200333333,17532.8288666667,19042.7236,20210.2030333333,21182.6253666667,21786.7869333333,22058.7275333333,22277.9036,22123.0218666667,21769.5029666667,21677.9362666667,20948.443,20206.7226,19625.1889,19438.1459666667,18470.8175333333,16484.7182,14650.2135
"209","2013-07-25",11968.2629333333,11285.0153,10954.7830666667,10736.2118333333,10890.7144666667,11572.9882333333,13113.9537333333,14730.4855333333,15610.7413333333,16182.6514,16563.4181333333,16740.6779,16709.4052333333,16720.0606,16584.1020666667,16321.4929666667,16276.3327666667,16118.9460666667,15894.7299,15735.0658666667,15762.1306666667,14985.3514333333,13605.6260333333,12172.7400666667
"210","2013-07-26",11267.7414,10664.8195,10338.5142333333,10260.5639333333,10497.1629333333,11269.9425666667,12766.7396666667,14292.5780333333,15366.5480666667,16062.4946,16692.3246666667,16899.3178333333,17033.2945666667,17082.7185333333,17031.9169333333,16898.2788666667,16920.6416666667,16741.5284333333,16463.0893666667,16289.3201,16317.7296333333,15847.6141,14416.6027,12917.2457
"211","2013-07-29",13458.814,12689.8278333333,12253.7260333333,12095.3707,12236.9431,13071.7016666667,14653.8776,16507.5969,17870.6521333333,18916.2834666667,19736.4220666667,20222.8926333333,20595.1474,20906.803,20999.8274,21036.9411,21104.6967666667,20765.3044333333,20106.5691666667,19517.6803,19450.7158,18732.5103666667,16879.5663,14960.1006333333
"212","2013-07-30",13352.6699,12540.8148666667,12110.9843,11805.4985333333,11907.1478,12566.1258666667,14004.6705333333,15750.2334666667,17022.1816333333,17967.2887666667,18720.9789,19280.2860333333,19529.6329666667,19839.0297666667,19961.7572666667,20002.4232333333,19981.4301333333,19648.4927333333,19022.9750333333,18462.0482666667,18501.1834,17738.3857666667,16075.0880666667,14372.1635666667
"213","2013-07-31",12709.1659666667,11944.0941,11426.7878666667,11228.1182,11392.0897,12030.0361666667,13709.5964,15475.0572333333,16812.6486333333,17741.4978,18557.5109333333,19015.8692,19364.1058333333,19630.1793666667,19762.0951666667,19769.7779666667,19737.5402666667,19461.5596333333,18822.3266333333,18244.0417,18312.5396333333,17676.0340666667,15977.3331666667,14286.0405
"214","2013-08-01",12681.6666333333,11940.6567,11524.5243666667,11320.7066333333,11516.5769666667,12220.5478,13726.5531333333,15507.3819333333,16745.8507,17657.1286666667,18438.9455333333,18974.7421333333,19202.7519,19348.7722666667,19366.9546333333,19041.5172666667,18756.2082333333,18309.3002,17804.8014,17405.0565666667,17437.8292333333,16747.4073666667,15322.7764666667,13693.8538666667
"215","2013-08-02",12585.0350333333,11907.2458,11549.5294666667,11341.3185666667,11606.1988333333,12352.2796,13967.5603666667,15710.8731666667,17036.5015,17957.4787333333,18750.9161,19281.6771,19624.0235666667,20036.3294666667,20236.0247,20352.4070666667,20347.5647333333,20100.0052666667,19586.1718333333,19023.6664666667,18963.8799333333,18261.2564666667,16532.113,14753.7820333333
"216","2013-08-05",11549.9042333333,10890.2026666667,10481.0935666667,10332.8387,10459.7901666667,11118.9683,12649.8162333333,14314.2569333333,15339.2530666667,16051.7284333333,16590.4393333333,16875.0195666667,17001.0287333333,17170.5194666667,17247.2476666667,17174.7852666667,17167.5299,16973.3406333333,16516.9606333333,16190.1378333333,16199.8855666667,15682.8031666667,14135.4994333333,12589.1021666667
"217","2013-08-06",11327.9769666667,10736.1878333333,10405.3696,10281.8322666667,10471.4827,11128.0893333333,12685.5418666667,14312.1421333333,15381.8355333333,16119.2959666667,16738.5894333333,17051.8512666667,17179.7353,17303.6148666667,17364.0476666667,17318.4343666667,17299.3233,17075.2156,16676.7211,16349.0641666667,16531.4521333333,15868.1368333333,14325.0893,12784.1943666667
"218","2013-08-07",11681.0992333333,11054.9285333333,10708.5584,10561.1518666667,10678.4347,11319.9002666667,12955.0207666667,14738.5452,15863.8982333333,16792.2269,17472.5704,17890.9384333333,18002.6937333333,18129.2292333333,18192.4513,18136.4802333333,18138.4073,17899.0068,17496.1057,17121.4951666667,17280.5363666667,16597.3409333333,15006.4176666667,13470.8827
"219","2013-08-08",13102.4719333333,12409.6268333333,12004.7636666667,11857.9807,12019.3546333333,12661.1854333333,14184.6516333333,16040.6859666667,17240.0291333333,18327.2236,19123.8631333333,19533.2350666667,19931.7930333333,20240.0427,20364.7432666667,20334.4811666667,20457.0053666667,20335.2834333334,19769.6688666667,19420.8923666667,19550.2394,18821.8844666667,17148.9085333333,15420.2261333333
"220","2013-08-09",14707.1275333333,13954.5990333333,13511.2873333333,13271.3165,13532.9284333333,14300.2645333333,16024.4411666667,17851.7316666667,18974.4715,19791.9329333333,20352.2464666667,20654.4098333333,20687.1761333333,20672.7460666667,20463.0426,20370.2144,20385.4911666667,20357.4479,20131.3395,19977.8618,19979.6016666667,19155.7410666667,17461.7781333333,15716.7255666667
"221","2013-08-12",12494.4682666667,11806.8188666667,11356.0344666667,11193.5845,11308.5497,12011.4415666667,13456.9005666667,15356.4222333333,16713.9967,17658.6916,18477.1714,18935.4896,19251.2679333333,19503.4321666667,19649.3422333333,19700.3298333333,19718.5294333333,19525.1113666667,18875.8969666667,18319.6136666667,18385.717,17703.6101,15964.0057,14230.6796
"222","2013-08-13",12842.9910666667,12149.8059666667,11748.1899,11555.7686666667,11727.4535,12418.9898333333,13900.8735333333,15616.2391333333,16890.3734333333,17712.2579,18322.115,18657.7468666667,18756.2991333333,18821.9765,18617.7427333333,18451.7904333333,18336.6513,18069.8805,17513.3751,17162.4227333333,17140.2741333333,16547.6225333333,15117.1927666667,13543.0058666667
"223","2013-08-14",12952.1164333333,12150.8554333333,11686.6134666667,11460.5102,11566.0704,12259.1364333333,13716.6702666667,15231.1377,16236.3772333333,16816.3305333333,17323.0851333333,17560.0900333333,17665.2296666667,17781.1967,17780.5748333333,17694.9560333333,17584.1744666667,17390.4294666667,16832.2887666667,16623.9868333333,16682.4772666667,15884.7138333333,14316.2374333333,12835.4952666667
"224","2013-08-15",11325.1757,10748.6563333333,10417.5172666667,10257.5859666667,10436.1867333333,11065.4239,12672.3518666667,14313.5668,15316.4003333333,16092.7395333333,16678.0655333333,16986.0613333333,17090.4849333333,17243.2705333333,17236.1469,17192.8167666667,17106.9173,16981.2691,16524.0835666667,16248.3553333333,16306.4549666667,15760.3639666667,14198.5442666667,12641.6077333333
"225","2013-08-16",11566.1257666667,10916.0923666667,10559.7501,10420.3485,10556.197,11198.7902666667,12688.2316333333,14386.3773666667,15519.5164666667,16243.7351666667,16886.3073333333,17282.5883,17397.3124666667,17576.5369666667,17553.7851,17519.2481,17515.1998333333,17368.3194,16863.2245,16486.1615,16567.9773666667,15940.1984333333,14440.5179,12899.3926333333
"226","2013-08-19",12422.2804333333,11720.5755666667,11281.5856333333,11093.3464333333,11219.0323333333,11904.8308333333,13379.8104333333,15249.4896666667,16654.3867,17672.2396,18557.8261333333,19141.5506333333,19484.4444666667,19775.6074333333,19848.8594666667,19871.6668666667,19806.0214,19520.1849666667,18893.4011666667,18322.4470333333,18403.7171,17778.0213,16129.46,14446.6069333333
"227","2013-08-20",13403.5696666667,12603.8035666667,12137.4813333333,11893.5565666667,12043.7927333333,12734.3304333333,14196.0345666667,16022.4736333333,17401.9317333333,18488.1636,19421.9850666667,20107.0434,20491.3054,20919.6126666666,21155.8224666667,21233.4175,21264.7216333333,21004.6704333333,20339.706,19750.6433666667,19635.9588333333,18825.5117666667,16964.8177333333,15148.9839666667
"228","2013-08-21",13451.6871666667,12641.9395666667,12204.0224666667,11947.5134,12104.7239666667,12796.3597333333,14232.6408,16041.1526666667,17475.2321,18647.9465,19675.5951666667,20395.4316333333,20879.6723,21388.5326,21647.5492333333,21825.5927,21888.7603666667,21663.8588,20995.7661,20441.1521333333,20499.7346333333,19532.0386666667,17606.9874,15720.8040666667
"229","2013-08-22",14141.2866666667,13231.9756,12712.3986666667,12435.5129333333,12502.3954333333,13133.6328333333,14676.5271666667,16610.6674333333,17966.7938,19189.7054333333,20277.9861666667,21012.5366,21471.8601333333,21975.2457,22150.2892666667,22239.1785333333,22281.6960666667,21760.7902333334,21046.5049,20575.7634666667,20440.6301333333,19676.1804,17857.4587,16010.9172666667
"230","2013-08-23",14479.8702666667,13640.5768333333,13129.9376,12800.9417666667,12880.6128,13566.1183333333,15164.6978333333,16761.3174666667,17801.1746,18529.1984,19108.5836,19499.4346333333,19712.981,19910.16,19972.0258333333,19809.7047666667,19612.3648666667,19042.6865666667,18480.3761,17923.4253666667,17823.7722,17100.6172,15564.6939,13894.6362333333
"231","2013-08-26",13012.0904,12272.0613666667,11828.2964666667,11631.6553666667,11869.5800333333,12561.9851333333,14068.4104666667,15847.0877333333,17066.3977,17903.1687666667,18537.233,18965.8116,19196.4989333333,19449.1886,19609.1035,19620.9719666667,19559.2830333333,19410.9463,18992.3886333333,18749.2027666667,18858.7760333333,18105.7661,16533.7859333333,14848.5803666667
"232","2013-08-27",13894.8730666667,13119.7818333333,12659.2311,12497.5604333333,12654.4140333333,13440.7865333333,15009.4474333333,16844.2000333333,18152.0051666667,19144.0901333334,19911.1729666667,20417.3782333333,20709.3337333333,21095.3313333333,21211.6113333333,21251.0393333333,21336.8234666667,21003.3603666667,20303.1834666667,19731.5224333333,19740.5119,19019.8927666667,17182.4857333333,15364.0813333333
"233","2013-08-28",13306.364,12520.0432666667,12073.1055333333,11825.7058,11927.1017,12573.1206,14136.2378666667,15977.2974666667,17286.5874,18331.7233666667,19095.9923,19737.6193333333,20033.8767666667,20347.917,20375.4538,20376.5839666666,20107.7250666667,19712.692,19110.0656666667,18607.7614,18620.7103,17886.0267666667,16297.9356666667,14629.9275666667
"234","2013-08-29",13030.8683,12441.9392333333,12036.6321,11925.6010666667,12079.5070666667,12712.6473333333,14148.2350666667,15855.5038333333,16967.4621,17665.0044,18030.1085666667,18294.7377,18110.5593666667,18139.911,17884.9867666667,17615.6269,17505.0112,17318.8639666667,16965.5759666667,16676.7330333333,16829.1287333333,16143.0080333333,14649.6206,13085.4511666667
"235","2013-08-30",11912.4085666667,11247.6582333333,10945.1065,10782.7627,10974.7632333333,11720.4118666667,13136.9752333333,14885.5344333333,16142.737,17101.5666666667,17881.0963333333,18385.7245666667,18810.4956,19256.062,19550.6612666667,19758.8746,19817.2613333333,19748.054,19226.4212333333,18941.4259333333,19102.783,18313.5699,16732.6672333333,15066.6646333333
