"","LoadDate","Load1","Load2","Load3","Load4","Load5","Load6","Load7","Load8","Load9","Load10","Load11","Load12","Load13","Load14","Load15","Load16","Load17","Load18","Load19","Load20","Load21","Load22","Load23","Load24","Dry1","Dry2","Dry3","Dry4","Dry5","Dry6","Dry7","Dry8","Dry9","Dry10","Dry11","Dry12","Dry13","Dry14","Dry15","Dry16","Dry17","Dry18","Dry19","Dry20","Dry21","Dry22","Dry23","Dry24","Dew1","Dew2","Dew3","Dew4","Dew5","Dew6","Dew7","Dew8","Dew9","Dew10","Dew11","Dew12","Dew13","Dew14","Dew15","Dew16","Dew17","Dew18","Dew19","Dew20","Dew21","Dew22","Dew23","Dew24"
"1","2010-07-12",14692,13872,13364,13125,13255,13861,15468,17473,19117,20534,21844,22781,23286,23629,23689,23747,23736,23383,22650,21861,21606,20888,19032,17108,73,71,71,70,69,69,69,71,74,77,80,81,82,83,84,84,86,85,84,82,80,77,76,75,67,67,67,67,67,67,66,67,68,68,68,68,66,63,64,64,63,63,63,63,63,64,66,67
"2","2010-07-13",15697,14880,14377,14118,14249,14972,16486,18390,19838,21005,22085,22909,23373,23679,23612,23265,22891,22491,21889,21464,21367,20510,18793,17056,74,74,74,74,73,73,74,74,76,78,80,82,84,84,84,83,83,81,79,76,75,74,73,74,68,68,69,69,70,70,70,70,70,70,70,68,69,68,67,67,67,69,70,71,71,71,71,72
"3","2010-07-14",15776,15002,14540,14358,14524,15283,16763,18440,19450,20011,20441,20651,20690,20685,20472,20202,20047,19932,19556,19161,19104,18628,17080,15401,73,73,73,73,73,73,74,74,75,74,74,74,74,74,75,75,75,75,74,72,72,71,71,70,71,72,72,72,72,72,72,72,72,71,71,70,70,70,70,70,69,69,69,69,69,68,68,68
"4","2010-07-15",14171,13402,12945,12760,12917,13593,15053,16716,17821,18665,19504,20196,20644,21071,21255,21368,21511,21414,20863,20120,19935,19374,17671,15855,70,69,69,68,67,67,67,68,69,71,73,75,78,79,80,80,80,80,79,77,76,74,73,71,68,67,67,66,66,66,66,66,66,66,67,67,67,67,67,67,67,67,67,66,66,67,67,67
"5","2010-07-16",14499,13649,13153,12923,13083,13791,15195,16936,18275,19539,20785,21839,22628,23405,23865,24091,24150,23888,23152,22332,21684,20694,19028,17269,71,70,69,69,69,69,69,70,72,74,78,80,83,85,87,88,88,87,85,83,77,75,74,74,67,67,66,67,67,67,67,68,69,69,69,70,71,71,71,70,71,72,73,73,69,70,70,70
"6","2010-07-19",14784,13908,13373,13067,13134,13704,15166,17130,18718,19879,20624,21010,21031,21068,21358,22018,22472,22480,21953,21327,21046,20157,18319,16464,75,72,71,70,69,68,68,71,73,77,79,81,80,79,79,82,83,82,82,80,78,76,76,74,60,60,60,60,60,61,61,62,61,61,61,62,64,65,67,68,69,70,70,70,70,70,70,68
"7","2010-07-20",15085,14229,13662,13370,13459,14081,15531,17315,18602,19712,20698,21293,21511,21562,21429,21525,21773,21694,21217,20534,20274,19561,17767,15902,74,72,71,70,69,70,70,72,74,76,77,79,79,79,79,78,80,80,80,80,77,74,73,72,69,68,67,67,66,66,66,65,65,65,65,63,64,65,64,63,64,62,62,62,63,63,64,64
"8","2010-07-21",14534,13713,13176,12905,13043,13693,15198,17063,18483,19641,20811,21830,22497,23149,23522,23448,22899,22155,21344,20665,20313,19421,17656,15863,71,69,69,68,68,67,68,70,72,75,78,81,83,83,84,86,83,79,76,75,74,72,72,71,64,64,64,64,64,64,63,65,65,65,66,66,67,68,68,69,69,69,68,68,68,67,67,66
"9","2010-07-22",14417,13531,12994,12714,12764,13318,14741,16611,17922,18895,19686,20200,20422,20692,20825,20876,20917,20686,19992,19312,19276,18724,17068,15275,71,68,68,68,67,66,66,68,71,74,77,78,80,81,82,83,83,83,82,80,78,75,73,71,65,65,64,63,62,61,61,61,61,61,60,60,59,58,57,57,57,57,57,57,58,58,59,59
"10","2010-07-23",13928,13071,12532,12254,12308,12842,14199,15948,17184,18057,18655,18937,18955,18933,18629,18210,17921,17821,17551,17409,17454,16875,15761,14488,70,70,68,68,67,66,67,69,71,74,74,75,75,75,73,72,70,69,70,69,70,69,69,70,59,59,60,60,60,59,60,60,61,61,62,62,62,63,63,64,65,66,67,67,67,67,68,68
"11","2010-07-26",13388,12519,11974,11731,11834,12371,13773,15567,16862,17782,18495,18949,19247,19594,19778,19846,19939,19853,19296,18604,18461,17771,16052,14326,69,67,65,65,64,63,62,66,69,72,75,77,79,81,82,83,83,82,82,80,78,75,72,71,55,54,54,54,54,54,55,55,55,55,53,52,52,51,51,51,50,50,51,50,50,52,52,53
"12","2010-07-27",13044,12290,11799,11565,11673,12262,13629,15475,16844,17929,18891,19552,20096,20713,21128,21437,21700,21744,21268,20548,20339,19535,17637,15730,69,68,67,66,65,65,63,66,71,75,78,81,83,85,86,87,88,88,86,85,82,78,76,74,53,54,54,55,55,55,55,57,57,58,57,55,55,54,53,53,54,53,54,55,57,59,59,60
"13","2010-07-28",14309,13402,12815,12521,12591,13156,14539,16487,18057,19442,20678,21507,22035,22590,22929,23166,23266,23067,22411,21689,21632,20895,19090,17269,73,71,69,68,67,67,66,69,72,77,81,84,85,86,87,87,87,85,84,82,79,78,76,76,59,60,60,60,59,59,58,60,60,61,61,61,61,61,62,63,64,65,67,68,68,69,69,69
"14","2010-07-29",15916,15103,14600,14380,14514,15278,16752,18472,19528,20307,20985,21521,22013,22570,22861,22993,22965,22573,21730,20701,20250,19289,17307,15346,75,75,75,75,74,75,74,75,75,75,76,77,79,82,84,86,86,85,84,82,79,75,73,71,69,69,70,70,70,70,70,70,70,70,69,68,68,66,63,58,55,55,55,55,54,53,53,53
"15","2010-07-30",13865,12904,12255,11901,11898,12375,13509,15154,16446,17349,17999,18430,18544,18750,18716,18596,18557,18300,17702,17034,16976,16419,15051,13614,68,67,65,64,62,61,60,62,66,70,72,73,74,76,76,75,76,77,76,75,71,69,67,66,52,52,52,51,51,50,50,51,51,50,50,50,49,50,51,52,51,51,50,52,54,52,53,53
"16","2010-08-02",11988,11410,11087,11000,11219,11949,13212,14923,16214,17199,18003,18592,18987,19380,19486,19509,19515,19286,18701,18203,18278,17476,15885,14297,66,66,64,65,64,64,63,65,67,69,72,74,75,77,77,78,77,76,78,75,73,71,70,69,56,57,57,57,57,58,58,59,59,60,61,61,61,61,61,61,61,61,61,62,61,60,60,60
"17","2010-08-03",13136,12430,12004,11856,12032,12794,14174,15916,17189,18189,19101,19782,20168,20615,20918,21020,21091,20966,20424,19905,19986,19208,17517,15867,69,68,67,67,67,67,67,68,71,74,76,78,79,81,82,83,83,82,81,79,77,76,74,74,60,60,60,61,61,61,61,61,62,63,63,64,65,65,65,65,66,66,66,66,66,65,65,65
"18","2010-08-04",14625,13894,13468,13305,13478,14275,15711,17543,18922,20035,21057,21891,22615,23313,23687,23967,24114,24042,23458,22801,22805,21865,19885,17893,73,73,72,72,73,72,73,73,75,78,79,81,83,86,88,89,88,88,86,85,82,80,78,77,66,66,67,67,67,68,68,69,69,69,70,70,70,69,69,68,69,69,70,71,71,72,71,71
"19","2010-08-05",16430,15552,14984,14718,14833,15642,17070,18715,19916,20953,21894,22650,23303,23848,23997,23596,23003,22616,22103,21532,21436,20544,18707,16840,76,76,75,75,75,75,74,75,76,76,78,80,81,83,85,85,79,79,80,80,78,77,75,75,71,72,72,71,71,72,72,72,72,72,73,73,73,73,72,72,73,71,71,70,70,70,70,70
"20","2010-08-06",15430,14506,13920,13588,13628,14211,15435,17268,18730,19721,20497,21051,21338,21525,21440,21243,20942,20358,19288,18191,17846,16886,15315,13711,74,73,73,72,72,71,70,71,75,77,79,81,82,83,83,84,84,82,80,77,73,71,68,64,69,69,68,68,67,67,66,67,65,63,59,59,59,57,56,52,51,50,47,46,45,45,44,47
"21","2010-08-09",13856,13202,12815,12726,12983,13832,15205,16958,18445,19883,21171,22178,22869,23484,23826,23963,23904,23637,23060,22462,22416,21218,19213,17242,72,72,71,71,71,71,71,72,74,77,81,83,86,88,89,89,90,88,87,84,81,80,78,77,67,67,67,68,68,68,68,68,69,68,67,66,64,63,62,62,62,61,64,68,68,68,67,65
"22","2010-08-10",15784,14898,14303,13999,14086,14830,16131,17827,19164,20276,21295,22119,22690,23222,23500,23662,23726,23471,22749,22020,21943,20819,18871,16944,77,73,71,70,71,71,70,72,74,76,79,81,82,84,84,85,85,85,84,82,79,77,76,75,66,68,67,68,68,68,68,68,68,68,67,67,66,65,64,63,63,63,63,63,64,65,66,66
"23","2010-08-11",15521,14626,14024,13702,13713,14365,15601,17273,18548,19598,20495,21134,21561,21998,22219,22256,22165,21775,20905,20104,20070,18939,17094,15320,73,73,72,71,70,70,69,70,72,74,77,78,80,81,81,82,82,81,80,78,75,73,71,70,66,67,66,66,66,65,64,64,64,64,63,61,61,61,60,60,58,57,58,58,56,59,59,60
"24","2010-08-12",14033,13234,12718,12489,12622,13315,14568,16063,17235,18158,18894,19340,19537,19686,19566,19303,19070,18671,18096,17855,17989,17105,15624,14126,69,68,67,67,65,65,65,66,68,70,73,74,75,76,76,76,75,74,73,72,70,69,67,67,60,60,60,60,60,61,61,61,62,61,59,59,59,58,58,59,60,59,59,60,60,60,60,60
"25","2010-08-13",13002,12300,11877,11700,11883,12582,13737,15278,16483,17363,18008,18393,18537,18742,18764,18637,18519,18214,17490,16827,16904,16107,14753,13320,66,65,65,65,64,64,64,65,66,68,70,72,74,75,76,76,76,76,75,73,71,68,66,65,60,59,60,59,60,59,59,59,60,60,59,58,58,57,56,55,55,54,53,54,54,55,55,55
"26","2010-08-16",12335,11781,11486,11423,11713,12612,14078,15672,16829,17679,18270,18729,18923,19192,19265,19325,19466,19615,19455,19353,19630,18754,17191,15610,68,68,67,66,66,66,66,67,68,69,70,72,73,74,76,77,78,77,77,76,76,75,75,75,63,63,64,64,64,64,65,65,66,67,67,68,69,69,70,70,70,70,71,70,71,71,71,71
"27","2010-08-17",14465,13757,13325,13123,13285,14115,15483,17124,18514,19607,20554,21315,21874,22332,22592,22542,22317,21844,21112,20597,20559,19300,17391,15564,74,74,73,73,73,72,71,71,74,77,80,82,83,84,84,86,86,86,83,82,79,77,75,74,71,71,71,70,70,70,69,69,68,65,62,61,60,61,62,55,55,53,55,57,58,58,58,57
"28","2010-08-18",14181,13285,12670,12360,12430,13086,14218,15684,16776,17612,18273,18719,19053,19497,19740,19847,19693,19274,18750,18570,18701,17687,16059,14415,72,71,69,69,67,66,65,66,68,71,73,75,76,79,80,80,80,79,77,76,74,72,71,69,57,56,56,56,55,55,56,55,57,57,58,57,57,55,54,54,54,54,56,58,57,57,57,58
"29","2010-08-19",13156,12350,11882,11666,11776,12459,13628,15279,16646,17821,18871,19640,20227,20757,21049,21229,21263,21015,20366,19865,19886,18776,17014,15309,67,65,65,63,63,63,61,64,69,73,76,78,81,83,83,83,84,83,82,81,78,76,75,72,58,57,57,58,57,57,57,57,58,59,60,58,58,57,57,57,58,58,58,60,59,59,59,62
"30","2010-08-20",14037,13211,12673,12410,12499,13197,14338,15910,17155,18184,19004,19512,19730,19945,19993,19934,19749,19289,18397,17616,17494,16398,14900,13399,71,70,69,69,67,67,67,68,70,72,75,77,79,81,82,81,80,80,78,74,70,68,66,64,61,62,62,62,61,61,61,62,62,61,59,57,54,50,47,48,46,46,46,46,47,48,48,48
"31","2010-08-23",11711,11229,10959,10919,11205,12034,13467,14847,15841,16510,16926,17084,17012,16937,16719,16443,16340,16298,16129,16173,15989,14979,13594,12317,64,64,64,64,64,64,64,63,63,63,63,64,64,64,64,64,64,64,63,63,63,63,63,63,62,62,63,62,62,62,62,61,61,61,60,61,60,59,59,59,59,58,58,58,58,58,58,58
"32","2010-08-24",11369,10834,10523,10423,10651,11504,12825,14219,15181,15860,16318,16536,16560,16572,16400,16216,16161,16155,16058,16140,16073,15094,13707,12378,62,62,62,62,62,62,62,62,63,64,65,66,65,66,66,66,66,66,65,65,63,63,62,62,57,58,58,58,57,57,57,57,57,58,58,58,58,58,58,59,59,59,59,59,59,59,59,59
"33","2010-08-25",11416,10885,10594,10537,10738,11612,13104,14477,15441,16128,16650,16922,16976,17044,16959,16793,16719,16677,16446,16554,16552,15613,14174,12818,63,62,62,62,61,62,62,62,62,63,64,65,66,67,68,68,69,69,68,67,66,66,65,66,59,59,59,60,60,60,60,60,61,61,61,61,61,62,62,62,63,62,63,62,62,62,62,62
"34","2010-08-26",11835,11236,10901,10780,10975,11825,13223,14773,16016,17000,17773,18284,18579,18864,18972,18945,18826,18451,17749,17493,17512,16388,14737,13169,65,65,64,64,64,65,64,65,67,70,74,76,77,78,80,80,79,79,77,75,71,69,66,65,62,62,62,62,62,62,62,63,64,63,64,62,62,62,61,59,58,55,55,53,52,52,52,52
"35","2010-08-27",12008,11298,10872,10671,10790,11450,12579,14089,15264,16074,16637,16969,17111,17296,17323,17243,17201,16920,16342,16081,16091,15173,13851,12500,64,62,61,61,59,58,58,58,62,65,68,71,72,73,75,76,76,76,74,71,67,64,63,63,53,53,53,53,52,52,52,52,52,52,51,50,49,49,48,48,48,48,48,50,51,51,51,49
"36","2010-08-30",13465,12655,12127,11875,11990,12759,14086,15706,17094,18380,19529,20418,21119,21828,22285,22554,22683,22514,21833,21455,21201,19643,17577,15685,72,70,68,67,65,64,64,65,71,75,80,83,85,87,89,89,90,90,88,85,80,78,77,76,58,59,58,58,57,57,57,56,58,58,58,59,57,56,55,53,54,54,55,58,59,60,61,61
"37","2010-08-31",14355,13538,13031,12772,12906,13821,15358,17041,18517,20081,21593,22814,23780,24564,25006,25258,25341,25055,24326,24037,23708,22014,19659,NA,75,73,72,72,71,69,70,71,75,80,83,86,89,92,93,94,93,91,90,86,83,80,80,NA,61,62,63,63,63,62,62,63,65,66,67,68,67,66,65,64,65,64,65,66,66,66,66,NA
"38","2011-05-31",NA,NA,NA,NA,NA,NA,NA,NA,NA,NA,NA,NA,NA,NA,NA,NA,NA,NA,NA,NA,NA,NA,NA,13617,NA,NA,NA,NA,NA,NA,NA,NA,NA,NA,NA,NA,NA,NA,NA,NA,NA,NA,NA,NA,NA,NA,NA,68,NA,NA,NA,NA,NA,NA,NA,NA,NA,NA,NA,NA,NA,NA,NA,NA,NA,NA,NA,NA,NA,NA,NA,54
"39","2011-06-01",12389,11657,11254,11104,11286,12040,13911,15605,16532,17176,17813,18489,19158,19842,20199,20230,19890,19444,18839,18358,18102,17153,15560,13890,67,65,64,65,65,65,65,66,69,71,73,75,79,81,83,83,80,77,75,74,73,72,71,69,55,56,57,58,59,58,59,61,62,63,64,65,67,68,68,68,67,67,66,66,66,66,65,65
"40","2011-06-02",12621,11774,11254,10989,11064,11647,13411,15011,15793,16264,16592,16728,16631,16571,16347,16000,15755,15487,15061,14802,14983,14506,13042,11647,69,68,67,65,64,63,63,65,67,70,71,70,70,68,68,65,63,62,62,60,59,57,57,56,64,56,52,50,49,49,48,48,47,46,44,43,42,42,42,42,41,41,41,41,40,40,40,41
"41","2011-06-03",10658,10102,9811,9691,9902,10522,12202,13702,14381,14785,15060,15181,15195,15227,15153,15056,15001,14799,14424,14127,14297,14001,12835,11551,56,55,54,53,53,52,52,54,57,59,61,62,64,66,68,68,69,69,70,67,64,61,59,58,40,39,39,39,39,39,39,39,38,36,37,36,36,36,35,34,34,33,33,35,36,38,39,39
"42","2011-06-06",10240,9775,9556,9524,9783,10539,12356,14004,14898,15611,16216,16566,16721,16918,16976,17032,17141,17104,16748,16407,16488,15924,14293,12657,59,58,57,57,57,57,56,60,64,67,69,71,72,73,74,75,75,75,76,76,72,68,66,65,51,51,52,52,52,52,51,52,53,54,54,53,53,52,52,51,52,52,51,52,54,55,55,55
"43","2011-06-07",11490,10831,10457,10292,10462,11138,13035,14787,15835,16751,17588,18211,18632,19081,19301,19536,19725,19647,19204,18752,18839,18140,16221,14372,63,62,61,61,59,59,60,64,68,72,76,79,81,82,80,81,81,81,81,79,76,74,71,70,55,56,56,56,55,54,55,57,56,57,57,58,55,53,53,53,53,54,55,56,58,57,59,60
"44","2011-06-08",13082,12284,11807,11587,11709,12348,14336,16228,17493,18645,19700,20582,21226,21814,22225,22578,22764,22600,22107,21599,21510,20566,18441,16354,70,69,68,66,64,64,64,68,72,74,77,79,83,83,84,85,84,84,83,82,79,78,76,77,60,60,60,59,59,59,60,61,61,61,62,64,64,63,63,63,63,63,64,65,65,65,60,61
"45","2011-06-09",14844,13884,13252,12923,12997,13702,15501,17030,17854,18661,19647,20585,21322,22083,22622,22926,22341,20635,19400,18787,18350,17378,15700,14102,76,75,73,71,70,69,68,69,70,72,75,78,83,86,87,89,88,78,71,68,68,68,68,68,59,59,61,62,61,61,61,62,63,63,64,64,65,65,66,68,68,65,65,65,65,65,64,65
"46","2011-06-10",12971,12277,11869,11673,11809,12480,14295,16075,17106,17846,18439,18785,18931,19096,19040,18938,18759,18254,17502,16897,16842,16379,14980,13435,67,67,67,66,66,66,67,68,70,73,73,75,75,76,77,76,76,75,74,72,70,68,67,65,64,64,64,63,63,62,62,63,63,62,62,61,60,59,59,58,58,58,58,59,59,59,60,60
"47","2011-06-13",10230,9768,9561,9534,9828,10632,12352,13857,14565,15049,15464,15682,15729,15762,15682,15610,15591,15512,15263,15092,15253,14689,13260,11813,55,55,55,54,55,55,55,56,58,60,62,63,65,64,65,66,67,66,65,65,63,61,60,59,52,52,52,52,52,53,53,53,52,52,52,52,51,53,53,53,53,53,52,53,54,54,54,53
"48","2011-06-14",10809,10238,9961,9862,10089,10834,12497,13968,14594,14966,15267,15413,15377,15358,15258,15155,15170,15186,15009,14883,14939,14358,12883,11501,58,57,57,56,56,55,55,55,55,55,56,56,58,58,60,60,60,60,59,59,58,57,57,55,53,54,54,53,53,52,52,52,52,52,51,51,51,50,50,49,49,50,49,50,50,50,50,51
"49","2011-06-15",10564,10037,9787,9728,9957,10652,12384,13881,14609,15106,15579,15876,16003,16153,16218,16302,16397,16299,15898,15601,15686,15207,13734,12257,55,55,54,54,54,54,54,57,60,64,66,69,71,73,74,75,76,75,74,72,68,66,63,61,50,50,50,50,50,50,50,50,51,51,51,51,52,51,51,51,49,49,49,51,53,54,54,55
"50","2011-06-16",11142,10482,10149,10040,10255,10901,12662,14318,15225,15989,16744,17342,17661,18101,18394,18626,18716,18524,18091,17638,17631,17217,15499,13739,60,59,59,58,58,58,58,60,63,68,72,76,78,81,83,83,84,83,82,80,77,74,71,70,54,54,54,53,53,53,54,55,56,57,59,59,59,57,55,55,54,53,54,56,56,57,57,58
"51","2011-06-17",12453,11687,11215,11007,11140,11793,13530,15202,16165,16725,17002,17164,17152,17118,17036,16935,16775,16452,16016,15703,15672,15218,14014,12652,69,68,67,66,65,64,65,66,67,68,68,67,68,68,69,71,72,71,68,66,66,65,64,64,58,56,54,55,57,57,58,59,60,60,61,62,63,63,64,64,63,63,61,62,62,61,61,61
"52","2011-06-20",11010,10420,10093,10007,10214,10833,12545,14204,15225,15968,16613,17034,17181,17534,17706,17852,17948,17960,17583,17067,16914,16425,14719,13038,62,60,59,58,58,56,56,60,64,67,70,73,75,76,77,78,77,77,77,75,72,68,66,64,46,47,47,47,47,47,48,50,50,50,50,49,48,49,48,50,51,51,52,52,53,54,55,56
"53","2011-06-21",11825,11165,10750,10598,10745,11384,13091,14818,15885,16732,17508,18034,18379,18820,18938,18944,18943,18744,18288,17761,17689,17213,15537,13846,63,62,62,61,60,59,61,64,67,70,73,75,77,78,79,80,80,80,78,77,74,71,71,69,55,55,54,54,53,53,52,53,53,54,54,55,55,55,55,55,55,54,55,57,58,59,60,60
"54","2011-06-22",12614,11920,11535,11360,11539,12265,13925,15573,16479,17128,17615,17814,17789,17825,17672,17453,17393,17307,17082,16892,16776,16025,14551,13109,68,68,66,67,66,65,66,67,67,68,68,68,68,68,67,67,66,66,66,66,65,65,65,65,61,62,62,62,62,62,62,62,62,62,62,61,63,63,63,63,64,64,64,64,64,64,63,63
"55","2011-06-23",12096,11500,11144,10993,11172,11923,13474,15011,15892,16466,16915,17070,16997,16903,16673,16455,16382,16279,15958,15692,15619,14972,13613,12249,65,64,64,64,64,63,63,63,64,64,65,65,64,64,63,63,63,62,62,62,61,61,61,61,64,63,63,63,62,62,62,62,62,62,62,62,62,62,62,61,61,61,60,60,60,59,59,59
"56","2011-06-24",11262,10666,10369,10265,10446,11150,12526,14017,14960,15557,15964,16139,16074,16026,15841,15591,15455,15321,15042,14844,14832,14320,13170,11934,60,60,60,59,59,58,58,58,58,59,59,60,60,61,61,62,61,61,60,60,59,58,57,57,58,58,58,58,57,57,57,57,57,58,58,58,58,58,58,58,58,58,58,58,57,56,56,56
"57","2011-06-27",11820,11162,10800,10631,10826,11444,13103,14935,16257,17257,18136,18683,18990,19337,19512,19639,19728,19645,19171,18573,18379,17836,16064,14294,66,65,64,64,63,63,63,66,70,74,75,77,77,79,79,80,80,81,79,78,75,73,71,70,60,60,59,59,59,59,59,60,60,60,61,61,61,60,59,60,59,59,59,60,62,61,62,61
"58","2011-06-28",12974,12185,11720,11494,11633,12250,13786,15581,16900,17990,18958,19639,20082,20475,20563,20486,20458,20217,19616,19066,18923,18359,16615,14869,68,67,67,66,66,64,65,67,70,73,75,77,79,80,79,80,79,79,77,76,74,72,72,70,61,61,62,61,61,61,61,62,63,64,64,64,64,63,63,63,64,64,65,65,66,66,65,66
"59","2011-06-29",13582,12824,12361,12130,12244,12931,14404,16079,17230,18221,19083,19628,19918,20168,20270,20232,20128,19780,19067,18261,17866,17334,15647,13917,70,69,69,69,68,67,67,68,69,71,73,76,77,79,78,79,79,79,77,75,73,70,69,67,66,66,66,66,65,65,65,65,65,65,64,62,61,59,58,58,58,57,56,56,56,56,56,56
"60","2011-06-30",12592,11792,11279,11069,11169,11693,13198,14982,16112,16891,17556,17983,18195,18411,18456,18461,18510,18358,17886,17324,17172,16791,15235,13540,66,64,63,62,61,61,61,64,67,70,72,74,76,76,77,78,78,78,78,76,74,71,69,68,55,54,54,54,54,54,55,55,55,55,55,54,54,54,54,54,53,53,53,53,53,54,53,52
"61","2011-07-01",12255,11432,10925,10680,10767,11215,12630,14312,15571,16409,17047,17360,17487,17622,17626,17539,17531,17445,17013,16506,16360,16053,14822,13410,66,64,63,61,59,58,59,63,67,70,72,74,74,75,76,75,75,75,75,75,73,70,68,68,50,49,50,50,50,50,50,52,52,53,54,54,54,55,56,56,57,57,57,58,58,60,60,59
"62","2011-07-04",12444,11748,11321,11101,11090,11158,11700,12690,14086,15439,16573,17399,17951,18222,18392,18554,18744,18711,18237,17675,17449,16955,15850,14470,69,69,69,68,68,67,67,68,70,72,75,78,80,82,84,85,86,85,84,82,78,76,73,72,67,67,66,66,66,65,65,65,66,65,66,66,66,65,63,62,61,61,60,61,63,63,63,63
"63","2011-07-05",13245,12419,11879,11656,11711,12172,13633,15527,17121,18449,19557,20312,20848,21349,21600,21830,21937,21792,21225,20501,20043,19322,17382,15416,71,70,70,68,66,66,67,71,74,78,80,82,84,86,86,85,85,85,84,82,81,77,74,72,63,62,61,61,61,61,61,60,59,59,58,57,57,56,57,58,57,59,58,57,59,60,59,60
"64","2011-07-06",13944,13040,12472,12169,12208,12662,14169,16116,17680,19003,20183,21024,21595,22154,22444,22620,22758,22585,22032,21316,20892,19824,17823,15845,72,69,69,68,67,67,66,69,73,76,80,83,86,86,88,88,88,87,86,83,80,76,71,70,60,60,60,59,59,59,59,60,61,62,62,61,61,59,60,61,60,61,62,66,67,64,64,65
"65","2011-07-07",14415,13509,12913,12627,12705,13201,14712,16640,18112,19227,20232,20922,21322,21654,21780,21852,21836,21501,20762,20005,19717,19067,17278,15423,69,69,70,69,69,68,68,70,74,76,78,80,81,83,84,85,83,81,80,80,76,73,71,71,64,63,63,64,64,63,63,64,64,64,63,62,60,59,58,56,58,57,58,58,58,59,59,59
"66","2011-07-08",14042,13181,12669,12409,12534,13113,14397,15892,16882,17553,18033,18395,18659,18811,18948,18940,18805,18485,17980,17623,17549,16945,15683,14318,70,68,68,68,67,66,66,67,67,68,68,69,71,72,73,75,75,74,72,71,70,70,69,69,60,61,61,61,61,61,61,62,62,63,63,63,64,65,65,67,67,67,66,66,67,67,66,67
"67","2011-07-11",13160,12436,11987,11811,12002,12638,14232,16260,17862,19221,20566,21647,22437,23112,23429,23573,23712,23649,23088,22407,22180,21438,19484,17501,70,70,68,68,67,67,67,69,73,77,80,83,86,88,89,89,89,88,86,84,82,81,80,78,61,62,62,63,63,63,62,63,64,64,65,65,65,64,64,63,64,66,67,67,68,68,67,67
"68","2011-07-12",16049,15164,14602,14347,14443,15102,16618,18543,20099,21460,22675,23504,23966,24432,24635,24741,24761,24586,23991,23199,22789,21977,19902,17781,77,76,76,76,75,75,74,75,77,80,83,85,87,88,89,90,90,89,88,86,84,81,80,79,68,68,68,68,68,68,68,68,69,70,69,69,68,67,67,66,65,65,65,65,65,65,65,65
"69","2011-07-13",16138,15086,14352,13932,13881,14318,15799,17693,18925,19785,20569,21163,21614,22050,22225,22102,21768,21076,20081,19283,18818,17873,16121,14365,78,77,76,74,73,72,71,74,75,77,79,80,82,83,82,82,81,79,76,72,71,68,67,66,64,64,62,63,61,61,61,61,61,62,62,61,60,60,61,60,61,62,62,60,59,58,58,58
"70","2011-07-14",13090,12302,11821,11555,11661,12215,13544,15162,16172,16850,17418,17728,17872,18074,18108,18098,18091,17926,17491,16985,16976,16536,15067,13499,65,64,63,62,62,61,60,62,64,67,70,70,71,74,74,75,76,75,75,75,71,68,67,67,58,58,58,57,57,56,55,55,56,54,54,54,52,52,50,50,49,51,50,51,53,56,55,55
"71","2011-07-15",12351,11632,11224,11003,11127,11614,12988,14751,16071,17078,17876,18406,18641,18850,18851,18745,18627,18352,17750,17165,17027,16600,15274,13784,66,66,63,62,61,61,60,64,69,73,76,77,78,78,79,78,79,78,77,77,74,72,70,68,55,54,55,55,55,54,54,55,54,55,55,56,55,53,53,53,53,52,53,54,55,56,56,58
"72","2011-07-18",14984,14166,13680,13438,13577,14263,15755,17628,19103,20371,21487,22062,22186,22254,22099,22089,21866,21589,21225,20704,20486,19774,17962,16114,76,75,74,73,73,73,73,74,76,79,81,83,82,80,80,81,79,79,79,79,78,76,75,74,64,64,64,64,64,64,64,65,65,66,66,66,67,68,68,67,68,68,69,68,68,68,69,68
"73","2011-07-19",14742,13907,13379,13139,13247,13885,15390,17344,18843,20058,21109,21891,22386,22858,23139,23269,23302,23057,22378,21507,21121,20236,18161,16090,73,72,72,71,71,70,69,72,75,78,80,82,83,85,86,86,85,85,84,82,80,77,74,73,68,68,67,67,67,66,66,67,67,66,65,64,63,61,60,60,60,60,58,59,59,61,60,60
"74","2011-07-20",14583,13635,13040,12717,12783,13363,14697,16444,17879,19085,20370,21462,22238,22988,23487,23681,23759,23446,22607,21939,21757,20856,19025,17046,71,69,68,68,67,67,66,68,71,74,78,79,83,85,87,89,87,86,85,83,80,78,77,76,60,61,61,60,60,59,59,61,61,60,61,63,64,65,64,65,67,66,65,64,64,64,65,66
"75","2011-07-21",15612,14761,14242,13993,14135,14872,16463,18438,19961,21357,22767,23977,24841,25512,25878,26011,26013,25771,25256,24646,24419,23676,21719,19692,74,73,72,72,72,72,72,74,76,79,82,86,89,91,94,94,93,93,91,89,87,85,83,81,67,68,68,68,68,68,68,69,70,71,72,73,73,72,71,71,72,73,74,74,74,73,73,72
"76","2011-07-22",18135,17177,16543,16187,16237,16867,18435,20722,22799,24614,26049,26880,27181,27283,27333,27262,27082,26728,26039,25052,24428,23392,21370,19212,81,80,80,80,79,79,79,81,85,89,91,94,96,97,99,100,100,99,97,95,91,86,82,81,73,73,73,73,73,73,73,73,73,74,74,71,70,68,65,63,59,58,57,59,59,60,61,60
"77","2011-07-25",13688,12975,12564,12381,12559,13219,14547,16093,17114,17807,18370,18669,18701,18650,18339,17936,17728,17592,17203,16815,16687,15920,14538,13169,70,69,68,68,67,67,67,68,68,69,71,72,72,72,71,70,69,68,65,64,64,63,63,64,63,62,61,61,60,60,60,61,61,60,60,58,59,59,60,59,60,61,60,60,60,60,60,60
"78","2011-07-26",12202,11638,11318,11210,11454,12230,13610,15167,16274,17067,17789,18353,18810,19426,19861,20149,20177,19653,18988,18362,18190,17380,15781,14174,64,64,64,64,64,64,64,65,66,68,70,72,74,76,79,80,81,74,71,71,70,69,68,67,60,61,61,61,61,61,62,62,62,64,64,64,64,65,65,65,63,63,65,65,65,64,64,64
"79","2011-07-27",12964,12225,11763,11518,11620,12212,13584,15367,16619,17541,18286,18780,19094,19463,19667,19755,19857,19746,19255,18663,18615,17983,16318,14583,66,66,65,64,64,63,63,65,68,71,74,76,77,79,79,80,80,80,81,79,75,72,72,71,63,62,61,60,59,59,58,59,59,60,59,58,58,58,58,57,58,58,58,58,59,60,60,59
"80","2011-07-28",13294,12487,11972,11715,11821,12408,13741,15510,16808,17799,18652,19212,19598,20049,20226,20259,20280,20112,19558,18886,18846,18237,16630,14965,70,68,67,66,65,64,63,66,69,72,74,75,76,78,79,79,79,79,78,77,75,73,71,71,59,59,59,59,58,57,57,58,60,59,60,59,60,59,59,59,60,60,61,61,62,63,63,64
"81","2011-07-29",13736,13003,12553,12361,12554,13296,14661,16220,17299,18005,18561,18897,19003,19103,19052,18868,18778,18625,18292,18083,18093,17550,16381,15072,70,69,69,69,69,69,69,70,71,71,72,72,74,75,75,76,75,74,73,73,73,73,73,73,64,64,64,64,64,65,65,66,66,67,67,68,68,69,68,68,69,69,69,70,70,70,70,71
"82","2011-08-01",14162,13406,12933,12690,12807,13443,14774,16662,18280,19744,21052,22029,22653,23010,23011,22808,22594,22136,21445,20670,20423,19476,17610,15746,73,73,72,71,70,69,68,71,75,78,81,82,84,85,86,86,84,81,78,78,76,74,73,72,62,63,63,63,62,62,62,63,63,64,64,65,65,65,64,64,65,65,64,66,65,65,65,64
"83","2011-08-02",14364,13479,12945,12680,12769,13369,14624,16360,17759,18913,19938,20759,21253,21585,21801,21921,21815,21325,20481,19642,19336,18356,16617,14863,71,71,69,70,68,68,67,69,72,76,79,82,84,85,84,85,84,81,78,77,74,72,70,70,63,63,63,63,62,61,61,62,62,60,61,59,58,57,56,56,55,59,60,58,57,59,59,59
"84","2011-08-03",13534,12700,12154,11857,11923,12517,13768,15452,16660,17595,18340,18830,19097,19439,19565,19375,19193,18819,18240,17917,18008,17195,15661,14116,68,67,65,65,63,62,61,64,68,71,72,74,75,76,77,77,76,76,74,73,71,70,69,68,59,58,57,57,56,56,56,57,57,58,58,57,57,57,57,58,58,58,58,60,60,61,61,62
"85","2011-08-04",12981,12278,11880,11735,11898,12613,13894,15551,16754,17678,18461,18968,19272,19632,19798,19865,19865,19583,18942,18321,18365,17620,16029,14462,67,67,67,66,66,65,65,65,68,71,73,74,75,77,78,79,78,79,77,75,73,71,69,68,62,61,61,62,62,61,61,62,62,62,61,61,62,60,61,60,60,60,61,62,63,62,62,62
"86","2011-08-05",13271,12536,12077,11858,12009,12717,13936,15495,16686,17575,18306,18785,19051,19397,19584,19616,19567,19271,18604,17968,17972,17322,16016,14569,68,67,67,67,67,67,67,67,68,70,72,73,74,76,77,78,79,77,76,74,72,71,70,70,62,62,62,62,62,62,62,62,62,62,62,63,63,63,63,63,63,63,64,65,65,65,65,65
"87","2011-08-08",14478,13733,13298,13095,13285,14025,15350,17134,18538,19626,20639,21405,21888,22301,22382,22296,22151,21782,21227,20572,20495,19466,17596,15716,75,74,74,73,72,71,71,72,73,75,78,80,81,83,83,83,84,82,81,78,77,74,73,73,72,72,71,70,69,69,69,69,69,69,69,68,68,67,67,66,67,66,66,67,67,68,66,65
"88","2011-08-09",14334,13507,12946,12637,12693,13330,14543,16273,17585,18620,19597,20266,20614,20724,20549,20096,19693,19371,18901,18657,18568,17604,16058,14557,71,70,70,69,67,67,66,68,70,73,74,76,77,78,77,76,75,74,71,70,70,69,69,69,64,64,64,63,63,62,61,62,63,63,64,64,65,65,65,66,66,66,66,66,66,66,66,66
"89","2011-08-10",13438,12766,12355,12196,12377,13124,14373,15985,17141,18016,18732,19283,19674,20059,20343,20488,20560,20335,19581,18850,18776,17825,16152,14457,68,68,68,68,67,67,67,67,68,70,73,75,75,78,77,78,78,78,75,75,72,71,70,69,66,66,65,66,65,65,65,65,64,64,64,63,63,62,62,63,63,62,62,62,62,62,62,62
"90","2011-08-11",13202,12452,11988,11773,11900,12563,13761,15394,16588,17432,18045,18427,18664,18972,19117,19117,19077,18802,18172,17567,17641,16740,15146,13572,68,67,66,66,65,64,64,65,68,70,72,74,76,77,78,78,79,79,78,76,73,70,68,67,62,61,60,59,58,58,59,59,59,56,54,52,50,50,51,49,50,49,50,51,52,51,52,52
"91","2011-08-12",12390,11629,11191,10974,11102,11707,12792,14411,15666,16574,17285,17685,17906,18202,18347,18396,18448,18305,17770,17188,17244,16418,15034,13590,66,64,63,62,60,60,59,61,65,69,72,74,76,76,78,79,80,80,79,78,73,70,69,67,53,53,53,53,53,52,53,53,54,55,54,54,54,55,55,54,55,55,54,55,58,58,57,58
"92","2011-08-15",12203,11675,11406,11327,11614,12497,13900,15374,16463,17183,17709,17960,17961,17868,17643,17351,17262,17190,16989,16826,16550,15511,14095,12720,67,67,67,67,67,67,67,66,67,67,67,68,68,68,68,67,67,66,65,65,64,63,63,62,64,64,64,65,65,65,64,64,65,65,65,65,66,65,65,65,64,64,63,62,62,61,60,60
"93","2011-08-16",11728,11138,10810,10670,10871,11643,12837,14294,15302,15981,16549,16865,16943,17011,16935,16866,16907,16864,16621,16436,16714,15836,14368,12922,62,61,61,61,61,60,60,61,62,63,65,66,68,68,69,71,71,72,71,71,69,67,66,66,59,59,59,58,58,58,58,58,58,58,59,59,60,59,60,61,60,60,60,60,60,61,61,61
"94","2011-08-17",11850,11249,10878,10731,10914,11618,12804,14449,15730,16727,17570,18135,18504,18946,19242,19394,19499,19373,18858,18397,18543,17512,15858,14186,65,64,63,62,62,61,60,62,66,71,74,78,79,81,80,81,81,80,80,78,74,72,70,69,60,60,59,59,58,58,57,58,60,61,61,59,57,56,56,55,58,56,57,58,61,62,62,62
"95","2011-08-18",12979,12224,11750,11529,11690,12418,13611,15300,16669,17800,18790,19498,19864,20277,20478,20583,20624,20354,19710,19280,19431,18453,16777,15157,67,67,66,66,65,65,64,66,69,73,77,80,80,80,81,82,82,82,80,78,75,73,72,71,62,62,62,62,61,61,60,62,63,64,64,64,63,63,64,63,64,64,65,65,66,66,66,66
"96","2011-08-19",13893,13137,12638,12372,12487,13206,14369,15980,17371,18587,19652,20426,20918,21303,21318,20916,20487,19961,19234,18912,18790,17778,16364,14869,71,70,70,69,69,68,68,69,70,73,76,79,81,83,82,82,79,79,77,75,74,70,70,69,66,66,66,65,66,66,65,66,66,67,67,67,67,67,66,66,64,63,64,64,65,64,65,66
"97","2011-08-22",13656,13015,12631,12442,12592,13313,14382,15688,16628,17377,17969,18296,18403,18532,18522,18419,18319,18085,17493,17125,17187,16070,14518,13032,72,72,71,70,70,69,67,66,66,67,70,72,73,74,75,75,76,75,74,72,69,67,66,64,69,68,68,67,66,63,60,58,57,55,54,53,51,51,50,50,50,50,50,51,52,52,53,52
"98","2011-08-23",11897,11240,10841,10673,10872,11546,12689,14173,15256,16055,16711,17117,17296,17510,17547,17531,17512,17358,16885,16662,16798,15778,14288,12865,64,62,61,60,59,58,56,59,62,66,69,71,73,74,74,75,75,75,74,73,70,67,66,65,52,52,52,51,51,50,50,51,52,51,51,50,48,48,49,49,48,49,49,51,52,54,54,55
"99","2011-08-24",11786,11162,10802,10668,10856,11643,12851,14427,15649,16521,17215,17689,17940,18188,18212,18166,18110,17809,17224,17069,17274,16327,14855,13434,64,62,61,61,60,60,59,62,65,69,72,75,76,78,78,78,77,77,74,73,71,70,69,68,55,55,55,54,55,55,55,57,58,58,56,56,56,55,56,55,56,57,58,58,58,59,59,60
"100","2011-08-25",12434,11850,11551,11466,11725,12621,14049,15710,17062,18131,18981,19592,19901,20029,19896,19787,19695,19534,19294,19294,19317,18310,16695,15106,68,68,68,68,68,68,69,70,71,74,75,77,77,76,76,77,77,76,75,75,74,74,74,72,61,62,63,64,64,64,65,66,66,67,67,68,68,69,68,69,70,70,70,69,68,68,68,67
"101","2011-08-26",13868,13034,12505,12258,12370,13113,14329,15920,17293,18385,19238,19865,20334,20800,21029,21066,20984,20617,19915,19469,19464,18397,16860,15177,71,70,69,68,67,66,66,66,70,73,75,77,79,80,81,81,81,81,80,77,74,72,72,70,67,67,66,65,65,64,64,64,65,64,64,64,64,63,63,63,62,62,62,63,65,65,65,64
"102","2011-08-29",8772,8413,8223,8182,8375,9004,9935,11222,12262,13052,13732,14236,14601,14946,15127,15182,15211,15072,14745,14781,14815,13884,12550,11280,64,63,63,61,61,60,59,60,62,64,67,70,72,73,74,76,76,76,75,72,68,65,63,62,53,53,52,52,51,51,50,51,50,51,52,52,53,52,51,51,51,49,49,51,51,53,53,54
"103","2011-08-30",10403,9887,9592,9474,9639,10366,11543,12782,13732,14577,15332,15784,16070,16384,16557,16654,16693,16541,16068,16046,16060,15019,13554,12149,60,60,60,59,58,58,56,58,62,66,70,72,74,75,76,77,77,77,76,73,69,67,66,65,53,53,53,52,53,52,52,52,53,54,53,52,51,51,51,51,51,52,53,55,56,57,56,56
"104","2011-08-31",11125,10547,10223,10097,10268,11024,12325,13695,14752,15668,16483,17052,17462,17864,18025,18018,17920,17641,17200,17325,17266,16161,14569,NA,63,64,62,61,60,60,59,60,64,69,73,77,78,79,80,79,79,78,77,74,71,69,68,NA,56,56,56,56,56,55,54,55,57,57,58,58,59,58,57,56,56,56,57,58,60,61,60,NA
"105","2012-05-31",NA,NA,NA,NA,NA,NA,NA,NA,NA,NA,NA,NA,NA,NA,NA,NA,NA,NA,NA,NA,NA,NA,NA,12717,NA,NA,NA,NA,NA,NA,NA,NA,NA,NA,NA,NA,NA,NA,NA,NA,NA,NA,NA,NA,NA,NA,NA,64,NA,NA,NA,NA,NA,NA,NA,NA,NA,NA,NA,NA,NA,NA,NA,NA,NA,NA,NA,NA,NA,NA,NA,51
"106","2012-06-01",11552,10865,10465,10294,10436,11027,12698,14184,14924,15408,15809,16002,16038,16123,16062,15897,15672,15245,14746,14516,14714,14232,13054,11777,63,61,60,59,58,56,56,59,61,64,65,67,68,69,69,68,68,67,66,64,63,62,61,59,50,49,49,48,47,47,47,47,46,46,47,46,46,47,49,49,49,49,49,49,47,48,48,48
"107","2012-06-04",10271,9775,9516,9481,9746,10564,12267,13724,14352,14752,15080,15204,15166,15116,14950,14856,14949,15092,14965,14804,14834,14078,12648,11310,55,53,53,52,52,52,52,52,52,53,54,53,53,54,54,54,53,53,53,52,51,51,51,50,49,50,50,49,49,48,48,49,47,48,48,48,48,49,49,48,48,47,47,46,46,46,46,46
"108","2012-06-05",10430,9974,9732,9667,9896,10666,12375,13804,14373,14682,14937,15076,15049,15045,14883,14789,14832,14866,14709,14662,14818,14249,12816,11467,50,50,50,50,50,50,50,51,52,53,53,55,56,56,58,58,59,59,58,58,56,55,54,53,47,47,47,47,47,47,47,47,47,47,47,46,46,47,47,47,47,48,48,48,49,49,49,50
"109","2012-06-06",10509,9994,9732,9641,9896,10607,12316,13744,14321,14664,14996,15165,15192,15238,15119,15024,15024,14974,14712,14599,14871,14347,12875,11481,52,52,52,51,51,51,52,53,54,56,58,60,61,62,62,62,62,62,60,60,59,58,57,55,50,49,49,49,49,49,49,50,50,51,51,51,51,51,50,49,50,50,51,52,53,53,52,52
"110","2012-06-07",10545,10023,9750,9668,9903,10642,12315,13684,14305,14830,15288,15586,15619,15715,15613,15537,15494,15371,15064,14896,15139,14628,13201,11746,55,53,53,52,51,52,52,54,56,60,63,65,65,67,67,66,66,65,62,63,61,59,58,57,52,51,50,50,50,50,50,51,52,53,53,52,52,52,51,52,53,53,54,55,55,55,55,54
"111","2012-06-08",10727,10176,9871,9739,9956,10619,12292,13782,14540,15140,15696,16018,16155,16358,16366,16242,16131,15839,15369,15082,15224,14770,13531,12209,56,56,55,55,54,53,54,56,57,61,65,69,72,74,75,76,75,75,72,70,69,67,67,65,54,54,53,53,53,52,52,54,54,55,56,57,55,54,53,52,52,51,54,56,56,55,55,54
"112","2012-06-11",10953,10391,10115,10021,10244,10958,12714,14276,15119,15707,16170,16455,16617,16768,16760,16772,16795,16650,16199,15824,15898,15304,13699,12187,62,61,59,59,59,58,60,61,62,65,66,67,69,71,71,72,71,72,71,70,67,64,63,62,50,50,51,51,52,53,53,53,53,53,53,54,54,53,55,54,54,54,54,54,54,53,53,53
"113","2012-06-12",11150,10598,10300,10191,10422,11135,12883,14445,15252,15773,16218,16448,16554,16751,16707,16618,16582,16419,16081,15878,15972,15256,13760,12315,61,60,60,60,60,60,60,62,63,65,67,69,70,71,71,71,71,69,67,66,65,64,64,63,53,53,54,55,55,55,56,56,56,57,57,58,58,59,59,59,60,60,60,60,60,60,60,60
"114","2012-06-13",11361,10813,10533,10439,10645,11449,13132,14690,15447,15888,16237,16384,16364,16381,16256,16138,16190,16195,15945,15706,15727,15222,13764,12300,63,63,63,63,63,63,63,63,63,63,63,63,63,64,65,66,66,67,67,67,66,65,63,63,60,61,61,61,61,61,62,61,61,62,60,60,60,61,62,62,62,62,62,62,62,61,61,61
"115","2012-06-14",11276,10694,10340,10231,10418,11121,12770,14314,15113,15587,15964,16140,16186,16303,16352,16371,16390,16263,15885,15529,15566,15252,13765,12236,63,62,60,60,59,58,59,60,63,64,65,67,69,70,71,72,72,72,72,71,69,66,64,62,61,58,57,57,56,55,55,55,55,55,54,54,53,53,53,52,52,51,52,51,50,50,51,51
"116","2012-06-15",11162,10498,10139,10017,10186,10767,12366,13926,14876,15508,15967,16196,16278,16397,16393,16355,16300,16072,15570,15095,15026,14743,13487,12094,60,61,59,58,57,56,56,60,63,66,69,71,72,73,74,74,73,73,72,71,68,66,64,62,51,50,50,50,49,49,49,50,50,49,49,47,47,48,48,49,49,49,49,51,50,50,50,50
"117","2012-06-18",10329,9848,9632,9585,9857,10562,12112,13649,14547,15127,15606,15870,15959,16096,16063,16032,16055,15970,15640,15320,15380,14929,13416,11951,56,56,56,56,56,56,56,57,58,59,60,62,63,65,66,67,68,68,68,67,64,62,61,60,50,50,50,50,50,50,50,50,49,50,50,51,51,51,51,52,53,52,53,53,54,53,53,54
"118","2012-06-19",10976,10389,10081,9969,10199,10846,12427,14013,14921,15491,15964,16289,16449,16657,16687,16617,16622,16575,16310,16111,16333,16002,14574,13057,59,58,57,57,57,57,58,59,61,63,65,66,68,70,71,72,72,72,72,71,70,68,67,67,54,54,54,54,53,54,54,54,55,55,56,57,58,59,60,60,61,61,62,62,62,62,62,62
"119","2012-06-20",11966,11317,10972,10830,11065,11779,13561,15643,17309,18838,20296,21459,22317,23096,23631,24032,24340,24358,24019,23510,23229,22596,20547,18464,66,65,66,65,65,65,66,69,73,78,82,86,89,91,92,93,94,94,93,91,89,86,84,83,62,62,62,63,63,63,63,65,66,68,69,69,69,69,70,70,69,69,70,70,70,70,70,69
"120","2012-06-21",16875,15845,15155,14707,14634,15088,16830,18939,20613,22014,23183,24017,24528,24941,25167,25286,25336,25122,24662,23952,23486,22710,20619,18494,81,80,79,79,78,75,75,79,81,84,87,88,89,91,92,92,91,92,91,90,87,83,82,80,69,68,68,67,67,66,66,66,66,66,66,65,65,64,64,63,65,64,64,65,66,67,67,67
"121","2012-06-22",16872,15787,15065,14612,14594,15023,16652,18705,20388,21819,22965,23886,24487,24850,24782,24458,23690,22666,21428,20430,19968,19215,17667,15990,79,78,76,74,74,73,74,77,80,83,85,86,88,88,90,89,87,81,78,75,72,71,71,71,67,67,67,66,66,66,65,66,66,66,66,66,65,64,64,64,65,67,66,67,67,67,65,65
"122","2012-06-25",12714,12058,11673,11533,11741,12407,13910,15567,16512,17029,17395,17472,17409,17365,17300,17270,17156,17049,16688,16272,16200,15655,14149,12682,70,69,68,67,66,66,66,67,68,67,66,65,65,65,67,69,69,66,66,66,66,65,64,62,58,58,58,60,60,61,61,62,62,61,61,61,62,62,61,61,60,60,59,60,60,59,58,56
"123","2012-06-26",11618,10987,10633,10451,10608,11188,12567,14060,14969,15571,16120,16429,16569,16675,16614,16451,16369,16227,15862,15516,15518,15044,13671,12242,61,61,59,58,58,57,57,58,60,63,64,67,68,69,68,68,68,67,67,66,64,63,62,61,56,56,55,54,53,52,52,52,52,53,53,54,54,54,53,54,55,54,54,54,53,52,51,51
"124","2012-06-27",11260,10665,10329,10217,10416,11032,12423,13944,14918,15611,16201,16572,16739,17001,17082,17065,17035,16909,16545,16200,16167,15780,14366,12882,61,60,60,60,60,60,60,63,64,66,70,72,73,74,75,76,75,74,74,73,72,70,68,68,51,51,51,50,51,51,51,51,51,52,52,52,52,51,51,51,51,50,51,52,51,51,51,51
"125","2012-06-28",11794,11141,10757,10579,10741,11342,12800,14539,15747,16631,17453,18002,18365,18768,19059,19282,19526,19553,19202,18633,18440,17997,16383,14650,66,66,65,63,62,62,62,64,68,71,74,77,79,80,81,81,81,82,81,79,76,73,72,71,52,52,52,53,53,52,53,54,55,55,55,54,53,53,52,54,54,54,55,57,58,59,59,59
"126","2012-06-29",13308,12493,11992,11780,11927,12572,13981,15638,16731,17485,18298,19181,20058,21011,21750,22190,22526,22545,22047,21221,20587,19784,17960,16018,69,68,68,67,67,67,67,69,69,70,72,76,79,82,84,85,88,88,87,85,84,80,78,76,59,60,60,60,60,61,62,62,63,64,64,65,66,67,67,68,67,67,67,66,59,58,53,54
"127","2012-07-02",13788,12942,12428,12182,12300,12768,14219,16044,17444,18558,19443,20007,20312,20616,20751,20681,20609,20473,19999,19296,18820,18212,16487,14668,71,70,69,69,69,68,67,70,73,75,78,78,78,79,78,79,81,80,77,79,77,74,72,71,59,59,59,60,59,58,59,60,60,60,61,58,59,59,60,60,59,58,59,59,59,59,60,60
"128","2012-07-03",13342,12533,11990,11706,11775,12207,13624,15397,16775,17850,18675,19222,19587,19940,20189,20338,20445,20262,19452,18551,18181,17501,16211,14826,71,69,67,66,65,65,64,67,71,74,77,79,81,82,83,83,82,82,80,78,76,72,71,71,59,58,58,58,57,57,57,58,58,57,56,54,53,52,51,52,52,53,54,56,57,60,60,61
"129","2012-07-04",13650,12814,12294,12055,12067,12215,12603,13335,14349,15579,16868,17907,18617,18983,19187,19406,19655,19775,19433,18840,18578,18065,17097,15754,70,70,69,68,68,68,68,68,69,71,74,77,80,82,84,83,85,84,84,82,79,78,77,76,62,62,62,63,64,64,66,66,67,67,67,67,67,67,66,66,67,66,67,67,68,67,68,68
"130","2012-07-05",14546,13714,13175,12869,12924,13356,14788,16658,18191,19352,20218,20757,21077,21352,21511,21507,21456,21291,20730,19986,19538,18906,17176,15359,75,74,74,73,72,71,71,73,75,77,79,80,81,82,82,81,82,81,80,78,77,74,73,72,69,69,69,68,67,65,65,65,64,63,63,62,61,60,61,62,62,61,62,62,62,62,62,62
"131","2012-07-06",13961,13052,12496,12169,12184,12581,13964,15799,17358,18643,19717,20462,20952,21450,21778,22033,22182,22089,21328,20495,20212,19598,18067,16390,69,69,69,67,66,65,65,68,72,75,77,79,80,81,82,83,83,84,83,81,79,77,76,76,62,62,61,61,60,60,60,61,61,61,62,62,62,62,62,62,62,62,62,62,64,64,64,64
"132","2012-07-09",13840,12895,12295,11959,11999,12430,13848,15550,16739,17674,18437,18951,19317,19697,19929,20086,20197,20125,19571,18816,18413,17744,16000,14224,71,69,67,66,64,63,62,66,69,72,75,76,78,79,80,80,81,81,81,80,77,71,69,67,53,53,52,51,52,51,52,52,53,51,49,47,48,48,48,48,49,48,48,48,49,54,53,54
"133","2012-07-10",12924,12118,11614,11373,11450,11882,13289,14989,16181,17101,17911,18459,18838,19305,19643,19893,20067,19979,19475,18764,18462,17956,16282,14567,67,65,65,64,63,61,62,65,68,72,75,76,78,79,80,80,80,80,79,78,76,74,71,70,54,54,51,49,48,47,47,48,48,48,48,48,47,46,46,47,49,50,51,52,54,55,56,57
"134","2012-07-11",13288,12493,12012,11790,11884,12381,13822,15594,16905,17936,18868,19614,20116,20529,20743,20889,21081,21029,20506,19723,19352,18776,17047,15243,69,67,66,65,65,63,63,66,71,74,77,79,80,81,82,82,82,83,81,79,77,75,72,71,58,58,58,59,58,58,58,58,57,58,57,56,56,56,56,55,57,57,58,59,59,59,61,62
"135","2012-07-12",13910,13045,12483,12191,12250,12749,14268,16069,17467,18637,19781,20662,21144,21660,22016,22231,22392,22208,21589,20624,20171,19450,17641,15775,70,68,67,67,66,65,65,69,72,76,79,80,83,85,85,86,85,85,84,82,79,76,74,73,62,63,63,62,61,60,61,60,60,60,60,61,61,59,57,57,57,59,58,59,58,59,60,59
"136","2012-07-13",14322,13392,12830,12526,12581,13111,14542,16419,17923,19235,20406,21326,22008,22564,22751,22722,22574,22070,21158,20270,19943,19300,17706,16030,72,70,70,68,68,67,67,69,73,77,80,82,84,86,86,86,86,85,83,81,79,77,75,74,59,59,59,59,59,59,59,60,62,62,63,64,64,64,65,64,65,63,63,63,63,62,62,62
"137","2012-07-16",15162,14425,13958,13722,13832,14468,16009,18027,19594,20848,21975,22854,23539,24116,24242,24278,24225,24036,23488,22748,22460,21560,19511,17476,73,73,73,72,72,71,71,73,75,78,81,83,84,85,86,86,85,85,85,83,81,79,76,76,70,70,70,69,69,68,67,68,68,67,68,66,66,67,67,67,66,66,66,66,67,67,67,67
"138","2012-07-17",16016,15071,14463,14094,14131,14706,16303,18382,20042,21505,22772,23659,24266,24809,25157,25406,25553,25350,24767,23986,23549,22679,20735,18809,75,74,74,73,71,72,73,76,78,81,84,86,88,90,92,93,93,91,91,88,85,83,82,81,68,67,67,67,66,66,66,67,67,67,66,64,64,64,64,65,65,66,65,66,66,66,66,67
"139","2012-07-18",17435,16594,16044,15706,15704,16249,17730,19852,21337,22549,23782,24741,25320,25348,24762,23615,22720,22346,21790,21225,21052,20364,18628,16813,81,81,81,81,80,78,77,79,82,83,85,86,88,90,89,81,80,78,78,77,75,75,75,74,67,67,68,68,68,68,68,69,69,69,69,68,68,68,67,70,69,68,69,70,70,70,70,69
"140","2012-07-19",15416,14406,13761,13374,13350,13833,14999,16401,17207,17793,18337,18733,18975,19308,19445,19590,19740,19678,19114,18428,18306,17681,16128,14517,74,73,71,69,68,67,66,68,68,70,71,73,75,76,76,77,77,78,77,76,74,72,70,69,69,63,60,58,56,55,55,55,55,54,55,54,53,54,54,55,56,56,57,57,58,57,58,57
"141","2012-07-20",13297,12574,12122,11927,12049,12644,13855,15266,16190,16697,17035,17112,17029,17015,16850,16596,16466,16292,15881,15557,15674,15288,14100,12788,68,67,66,65,64,64,64,65,66,66,66,66,67,66,67,68,68,69,68,68,67,66,65,63,57,57,56,56,57,58,57,56,57,57,56,55,56,56,57,57,57,57,57,57,58,57,58,58
"142","2012-07-23",12917,12232,11840,11708,11943,12688,14058,15663,16859,17773,18624,19285,19748,20418,20956,21343,21591,21486,20981,20445,20481,19693,17977,16240,69,68,68,67,67,67,67,68,69,71,71,73,75,78,81,82,83,82,80,78,76,75,74,74,59,60,60,60,61,61,62,63,64,65,66,66,67,66,66,66,67,67,68,69,70,70,70,70
"143","2012-07-24",14954,14149,13642,13429,13531,14134,15471,17253,18766,20039,21184,21911,22547,23095,23299,23088,22694,22209,21409,20579,20223,19122,17124,15183,73,73,73,73,72,72,71,71,73,76,79,81,84,85,86,86,79,79,79,78,76,73,72,70,70,70,70,70,69,68,68,68,68,69,69,68,68,66,66,65,66,64,64,63,63,60,59,56
"144","2012-07-25",13692,12730,12133,11810,11857,12367,13627,15245,16362,17141,17749,18139,18411,18786,19116,19414,19660,19661,19138,18446,18459,17742,16131,14488,68,67,65,64,63,62,62,64,67,70,72,74,75,78,80,82,82,82,82,79,75,72,72,71,55,53,52,51,51,51,51,52,53,52,52,51,51,51,50,50,50,50,49,50,53,56,55,56
"145","2012-07-26",13311,12580,12146,11967,12128,12880,14275,15802,16827,17534,18059,18359,18621,19160,19633,20097,20533,20789,20569,20267,20072,19061,17411,15776,70,69,68,68,68,68,68,69,71,70,71,72,73,75,78,79,80,81,80,79,77,76,73,72,56,57,58,57,58,58,59,59,59,61,61,61,62,63,65,66,66,67,67,68,69,69,69,69
"146","2012-07-27",14544,13726,13190,12929,13046,13778,15080,16547,17617,18507,19253,19806,20170,20417,20409,20295,20178,19983,19487,18901,18685,18093,16717,15192,72,72,71,71,71,69,69,69,70,71,72,74,75,76,74,76,78,77,77,75,74,72,71,70,69,68,68,67,67,66,66,66,66,66,67,67,67,67,68,67,68,68,67,67,67,67,66,66
"147","2012-07-30",11975,11345,11004,10864,11071,11754,13053,14723,16011,16965,17795,18415,18889,19394,19731,19921,20077,19961,19419,18694,18502,17652,15929,14252,64,64,63,62,62,62,61,64,66,69,71,73,76,78,79,79,79,79,79,77,74,71,69,68,61,61,60,60,60,60,59,60,61,62,62,62,62,62,62,62,62,62,61,61,61,62,61,62
"148","2012-07-31",12992,12227,11745,11530,11657,12332,13602,15182,16309,17123,17812,18248,18513,18790,18785,18593,18412,18212,17875,17629,17724,16933,15466,14031,67,66,65,65,65,64,63,65,67,68,71,72,74,75,75,74,74,73,72,72,70,69,68,67,62,62,62,62,62,61,61,62,62,62,62,62,61,62,61,62,61,61,62,62,63,63,64,64
"149","2012-08-01",12940,12239,11833,11657,11843,12574,13908,15547,16764,17760,18657,19319,19817,20262,20415,20228,20049,19811,19361,18930,18998,18178,16576,14974,67,68,67,67,67,67,66,67,69,72,75,76,77,78,79,78,76,76,75,74,72,71,70,70,64,64,64,64,64,64,64,64,65,65,65,66,66,67,67,67,68,68,67,67,67,66,67,66
"150","2012-08-02",13781,13034,12590,12413,12583,13317,14683,16386,17775,19036,20220,21156,21782,22399,22754,22999,23108,22995,22475,21765,21598,20655,18756,16918,69,69,69,69,69,68,68,69,71,74,77,79,82,82,83,84,85,85,85,83,80,77,75,75,66,66,67,66,66,66,66,67,68,68,68,68,68,67,65,65,64,65,64,66,67,67,68,69
"151","2012-08-03",15440,14471,13869,13550,13596,14230,15523,17251,18814,20238,21586,22596,23276,23869,24268,24421,24399,24088,23302,22504,22310,21451,19726,17913,74,73,73,72,71,70,70,71,74,77,82,84,86,88,89,90,90,90,89,86,83,81,79,78,69,69,69,69,68,68,68,68,68,68,67,67,67,65,65,64,64,66,65,68,70,71,71,71
"152","2012-08-06",15402,14617,14168,13945,14121,14839,16129,17900,19295,20293,20871,21316,21587,21847,21948,21989,21900,21523,20700,19834,19599,18502,16600,14818,74,73,73,73,72,72,72,73,75,77,78,79,80,81,81,81,81,81,79,78,75,71,70,69,71,70,70,70,70,69,69,68,67,63,60,57,57,57,56,56,56,56,56,56,56,57,57,57
"153","2012-08-07",13477,12651,12131,11881,11985,12577,13787,15419,16599,17562,18435,19093,19560,20049,20336,20508,20575,20354,19757,19158,19233,18341,16653,14983,68,66,65,64,63,63,62,64,68,70,73,75,77,78,78,79,80,80,79,77,75,73,71,70,57,57,57,57,57,57,56,57,58,58,59,58,58,58,58,58,59,58,59,61,62,62,62,62
"154","2012-08-08",13686,12860,12332,12069,12188,12863,14136,15835,17280,18499,19680,20567,21188,21759,22070,22226,22159,21839,21246,20727,20793,19785,17980,16136,68,67,66,65,64,64,63,65,69,73,77,80,83,83,83,83,83,82,81,80,77,75,74,73,62,62,62,61,61,61,61,62,64,64,65,64,63,62,62,62,63,63,64,66,66,67,67,67
"155","2012-08-09",14756,13925,13403,13166,13282,14051,15354,17054,18517,19864,21159,22154,22793,23334,23551,23578,23435,23011,22220,21671,21625,20533,18740,16954,72,71,71,71,70,70,70,70,72,74,77,80,81,84,84,84,83,82,80,79,78,77,75,75,67,68,68,68,68,67,67,68,68,69,69,69,68,67,68,67,68,67,68,68,69,69,69,70
"156","2012-08-10",15625,14801,14275,14035,14165,14919,16234,17925,19316,20443,21346,21934,22080,21946,21474,20861,20486,20058,19501,19109,19109,18387,17093,15677,74,74,73,73,73,72,72,73,74,76,78,79,79,79,77,76,75,74,72,71,72,72,72,71,70,70,70,70,70,70,70,71,71,71,70,70,70,70,70,71,71,71,69,68,69,69,69,69
"157","2012-08-13",14202,13381,12867,12612,12708,13375,14529,16200,17596,18756,19755,20486,20946,21360,21641,21753,21860,21698,21044,20402,20325,19093,17233,15448,71,70,69,69,67,67,67,68,71,74,76,79,80,81,82,83,82,82,82,80,77,75,73,72,65,65,64,64,63,62,62,62,63,62,63,63,62,61,62,60,60,59,60,61,62,63,62,62
"158","2012-08-14",14112,13245,12693,12409,12496,13190,14389,16046,17347,18471,19373,20001,20360,20613,20669,20589,20548,20333,19830,19505,19655,18617,16944,15303,70,69,68,67,67,66,66,67,70,73,77,78,79,79,78,79,79,79,78,77,76,74,72,72,62,61,61,61,61,61,61,62,62,63,63,62,62,62,62,61,60,59,61,62,63,64,65,66
"159","2012-08-15",14152,13416,12969,12773,12908,13699,15059,16411,17266,17897,18712,19520,20127,20698,20982,21096,20998,20649,20098,19888,19823,18720,17008,15320,71,71,70,69,69,68,68,67,67,68,70,72,75,77,78,81,81,79,77,76,73,72,72,71,65,66,66,66,66,66,65,65,65,64,65,65,65,65,65,65,65,66,67,68,67,67,68,68
"160","2012-08-16",14003,13189,12692,12461,12564,13322,14595,15998,17142,18192,19173,19865,20297,20710,20912,21004,21041,20829,20133,19521,19473,18354,16616,14882,69,68,68,67,67,67,66,67,68,70,73,76,79,80,81,80,82,81,80,79,74,72,70,70,67,66,66,65,65,64,64,64,64,64,65,64,63,61,60,60,57,58,58,59,61,62,62,61
"161","2012-08-17",13600,12762,12229,11966,12051,12683,13792,15316,16699,17897,18972,19808,20471,21111,21514,21647,21647,21279,20479,20010,19891,18815,17214,15609,69,68,68,67,66,65,64,64,68,72,77,80,82,83,84,84,84,83,81,80,76,74,72,70,60,60,60,59,59,59,58,59,61,62,61,61,61,62,63,64,64,65,66,66,66,67,66,65
"162","2012-08-20",11549,11012,10696,10586,10798,11540,12725,14097,15214,16149,16944,17495,17830,18063,18121,18096,18121,18058,17577,17339,17483,16412,14864,13391,64,63,62,61,60,59,59,60,62,66,69,72,74,75,75,75,75,75,74,73,70,69,69,67,55,55,56,55,55,55,54,54,56,57,57,55,56,56,57,55,56,56,56,57,58,60,59,59
"163","2012-08-21",12324,11698,11328,11178,11397,12231,13551,14928,15969,16870,17663,18181,18538,18899,19080,19154,19153,18842,18207,17863,17941,16829,15179,13626,67,67,66,65,65,65,65,66,67,69,73,75,77,77,78,80,80,79,78,77,73,70,68,67,59,59,59,60,59,59,60,59,59,59,58,57,55,53,54,51,51,51,52,54,55,56,56,56
"164","2012-08-22",12481,11787,11345,11117,11239,11977,13121,14593,15766,16771,17636,18260,18640,19039,19282,19348,19392,19160,18556,18155,18241,17141,15507,13936,65,65,63,62,61,60,60,61,66,69,72,75,77,78,78,79,79,79,78,75,73,71,70,69,56,55,55,55,55,54,53,54,55,56,57,56,56,55,55,56,56,55,56,58,58,59,60,60
"165","2012-08-23",12774,12059,11610,11419,11546,12316,13522,15078,16377,17438,18356,19071,19617,20172,20425,20557,20596,20358,19725,19293,19323,18171,16484,14848,68,67,66,65,64,64,63,64,68,72,75,78,80,82,82,83,84,83,82,79,75,74,72,71,60,60,60,60,59,60,60,60,61,61,61,61,61,60,59,59,59,59,59,60,63,64,64,64
"166","2012-08-24",13620,12806,12296,12023,12123,12815,13948,15404,16692,17784,18773,19490,19973,20423,20620,20583,20480,20072,19298,18913,18806,17746,16265,14719,70,69,67,66,66,65,64,66,69,73,76,78,79,80,81,81,81,80,79,77,74,73,71,70,63,63,63,62,62,61,60,60,60,61,61,61,61,62,59,61,60,59,60,64,64,65,65,65
"167","2012-08-27",12339,11695,11310,11138,11342,12178,13450,14991,16257,17336,18264,19029,19596,20199,20488,20535,20486,20225,19719,19739,19690,18564,16947,15425,66,65,64,63,62,61,61,63,66,69,73,77,79,80,82,81,81,79,77,76,75,74,74,74,59,59,59,58,58,58,58,59,61,62,63,63,63,63,63,64,65,66,66,66,67,68,68,69
"168","2012-08-28",14353,13681,13270,13110,13341,14343,16037,17469,18302,18827,19347,19954,20462,21042,21406,21527,21577,21276,20452,20086,19805,18350,16418,14619,73,73,74,73,73,72,72,73,73,70,72,74,77,80,81,82,83,83,79,77,75,73,72,70,69,69,70,70,70,70,70,70,69,68,67,67,67,65,65,64,62,61,60,60,60,59,58,57
"169","2012-08-29",13254,12393,11809,11494,11529,12314,13617,14878,15680,16262,16737,17033,17221,17479,17628,17721,17826,17744,17254,17096,16988,15762,14112,12581,69,67,65,63,62,60,59,59,63,65,66,68,70,71,72,73,74,74,74,72,68,66,64,62,56,55,53,52,51,50,50,49,48,46,44,46,45,45,46,46,47,47,48,48,50,50,51,51
"170","2012-08-30",11539,10916,10545,10402,10576,11440,12849,14177,15138,15925,16614,17057,17339,17718,17932,18061,18166,17976,17459,17478,17450,16299,14738,13292,61,61,59,58,57,56,55,57,61,65,69,73,76,77,79,80,80,79,78,75,73,72,70,70,50,50,50,50,49,49,48,49,51,51,51,51,50,51,50,52,50,51,53,55,54,53,53,52
"171","2012-08-31",12215,11527,11131,10953,11129,11944,13235,14622,15794,16786,17658,18362,18890,19491,19830,20006,20044,19850,19214,19004,18840,17824,16449,NA,69,69,66,65,65,64,64,66,68,72,75,79,82,83,85,86,87,86,84,82,80,79,78,NA,52,52,53,53,52,52,52,52,54,54,55,56,56,56,55,56,56,56,56,58,59,60,60,NA
"172","2013-05-31",NA,NA,NA,NA,NA,NA,NA,NA,NA,NA,NA,NA,NA,NA,NA,NA,NA,NA,NA,NA,NA,NA,NA,15644,NA,NA,NA,NA,NA,NA,NA,NA,NA,NA,NA,NA,NA,NA,NA,NA,NA,NA,NA,NA,NA,NA,NA,75,NA,NA,NA,NA,NA,NA,NA,NA,NA,NA,NA,NA,NA,NA,NA,NA,NA,NA,NA,NA,NA,NA,NA,62
"173","2013-06-03",12895,12247,11869,11746,11977,12837,14530,15918,16503,16914,17207,17371,17510,17809,18028,18239,18358,18324,17954,17517,17346,16559,14708,12906,68,68,67,67,67,66,65,66,66,65,65,66,68,70,72,74,75,75,75,73,70,67,65,63,64,64,64,64,64,64,63,64,63,62,63,62,62,62,63,62,61,61,61,60,59,58,53,48
"174","2013-06-04",11660,10911,10464,10255,10393,11015,12681,14045,14623,15064,15393,15604,15659,15796,15784,15813,15939,15952,15670,15395,15457,14911,13357,11828,61,59,57,55,54,53,53,55,57,59,62,64,66,67,68,68,69,70,70,69,67,63,61,60,43,42,40,40,39,39,39,40,40,41,41,42,41,42,43,41,42,42,42,42,43,44,44,44
"175","2013-06-05",10828,10293,9987,9870,10077,10733,12375,13818,14493,14964,15375,15644,15739,15940,16011,16033,16052,15877,15506,15237,15397,14856,13370,11944,59,57,57,55,53,52,53,56,60,63,65,67,68,70,70,70,70,70,69,68,65,63,61,61,43,43,43,43,44,44,43,44,44,43,42,43,42,43,43,44,44,45,46,47,47,46,47,47
"176","2013-06-06",10966,10371,10040,9927,10153,10833,12521,13976,14702,15238,15682,15953,16024,16129,15968,15766,15619,15425,15210,15147,15305,14574,13144,11782,59,57,56,55,55,54,54,58,60,62,63,66,68,68,68,67,67,66,65,64,62,60,60,59,47,48,48,48,47,47,47,49,50,51,51,51,52,51,51,52,51,51,48,51,52,53,54,53
"177","2013-06-07",10856,10297,9979,9881,10098,10847,12417,13841,14523,14948,15274,15388,15345,15280,15101,14929,14911,14899,14734,14533,14431,13769,12674,11520,58,57,56,56,56,56,56,56,56,55,55,56,56,56,57,57,57,56,55,56,55,55,54,54,54,54,54,54,54,53,53,52,52,52,53,54,54,55,55,56,55,54,54,54,54,53,53,53
"178","2013-06-10",11083,10471,10166,10044,10297,11004,12702,14205,15008,15588,15997,16170,16187,16226,16074,15898,15860,15934,15794,15652,15534,14608,13139,11760,63,62,62,60,60,60,59,61,64,65,66,66,66,66,66,66,65,64,63,62,61,60,59,59,55,55,54,54,54,53,53,54,55,55,56,57,57,59,59,58,58,59,59,59,59,59,58,57
"179","2013-06-11",10850,10353,10082,10002,10233,11056,12738,14154,14795,15224,15605,15819,15911,16059,16042,15998,16127,16235,16114,15838,15607,14873,13373,11961,58,58,58,58,57,57,57,57,57,58,59,60,61,62,64,65,64,63,62,62,60,60,60,60,57,57,57,56,56,56,56,56,56,57,57,57,58,58,58,58,59,59,59,59,58,57,57,56
"180","2013-06-12",10975,10448,10141,10057,10291,11031,12686,14104,14787,15221,15544,15736,15738,15792,15740,15677,15680,15638,15429,15212,15281,14796,13402,11985,59,59,59,59,58,58,58,59,61,63,64,66,67,68,68,69,69,69,68,67,65,64,62,61,55,55,55,54,54,53,53,53,53,53,52,52,51,51,51,51,51,52,51,52,51,51,51,51
"181","2013-06-13",10986,10346,9994,9913,10118,10797,12498,13953,14695,15143,15481,15635,15590,15566,15400,15269,15291,15352,15251,15060,14959,14189,12797,11504,60,58,57,55,54,54,56,58,61,62,62,62,61,60,60,59,58,57,57,56,55,54,54,53,51,51,51,50,50,50,51,52,53,53,54,54,54,55,55,55,54,54,53,53,53,52,52,51
"182","2013-06-14",10601,10110,9846,9761,9999,10777,12355,13762,14422,14726,14983,15128,15098,15159,15124,15095,15121,15060,14768,14493,14559,14327,13177,11885,53,53,52,52,52,53,53,53,53,55,57,60,62,65,67,68,71,72,72,71,68,65,64,62,52,51,51,51,51,51,51,51,51,51,51,51,51,49,50,51,51,51,51,51,52,55,54,54
"183","2013-06-17",11196,10640,10324,10231,10436,11138,12985,14729,15870,16744,17542,18106,18444,18838,18962,19004,19004,18750,17983,17366,16971,16254,14637,12988,67,65,64,63,62,61,62,65,69,72,76,78,80,82,83,82,80,79,69,68,66,65,64,63,59,58,58,58,58,58,58,60,61,62,61,60,59,58,57,57,57,59,61,61,61,60,60,59
"184","2013-06-18",11824,11166,10788,10634,10794,11455,13120,14726,15654,16351,16971,17434,17701,17982,17753,17268,16954,16737,16341,15982,15831,15050,13577,12186,63,63,62,62,62,60,60,63,65,66,68,69,71,72,71,65,64,63,62,61,61,60,60,59,60,59,59,59,58,58,58,59,59,60,59,60,59,60,61,59,59,59,58,58,57,57,57,57
"185","2013-06-19",11215,10608,10258,10109,10308,10949,12544,14018,14771,15321,15787,16056,16189,16380,16417,16457,16525,16445,16077,15664,15605,15163,13653,12163,58,57,57,56,56,55,55,57,60,63,66,69,69,71,71,71,71,72,72,70,67,64,61,59,56,55,54,54,53,52,52,52,52,51,49,48,48,47,47,47,47,46,43,45,46,47,46,48
"186","2013-06-20",11045,10375,10026,9923,10094,10718,12314,13854,14744,15385,15930,16310,16504,16769,16905,17017,17112,16997,16595,16141,16063,15684,14171,12632,59,58,56,54,54,53,55,58,61,65,67,70,71,73,74,74,76,76,75,73,72,69,66,64,47,47,48,48,47,46,45,47,47,49,49,47,48,49,50,50,49,51,50,52,52,55,54,55
"187","2013-06-21",11527,10847,10444,10278,10447,11025,12604,14230,15260,16025,16732,17264,17641,18070,18256,18336,18358,18155,17594,16970,16730,16362,14945,13424,63,61,60,59,58,58,58,61,65,69,71,75,77,80,81,81,81,80,79,77,75,72,70,68,54,53,53,53,53,53,53,53,55,56,57,58,58,58,58,57,58,59,59,60,60,60,59,58
"188","2013-06-24",14173,13423,12995,12809,13000,13696,15480,17551,19171,20564,21907,22909,23605,24213,24487,24677,24737,24449,23731,22787,21930,20510,18445,16433,73,72,72,71,70,71,71,72,76,79,83,85,88,89,90,91,91,89,87,83,76,72,72,71,67,67,68,68,68,68,68,69,69,69,69,68,69,69,68,68,67,68,68,67,65,66,67,66
"189","2013-06-25",14939,14051,13476,13168,13254,13894,15498,17277,18687,20005,21292,22353,23144,23804,24067,24223,24239,23941,23132,22307,21824,20776,18795,16811,70,71,70,70,70,69,69,71,74,78,81,83,86,88,89,89,89,88,86,80,78,77,75,74,66,65,66,65,65,64,64,64,64,65,66,67,68,66,67,66,66,67,67,68,67,68,67,67
"190","2013-06-26",15368,14468,13896,13591,13681,14314,15987,17874,19266,20394,21342,21825,21912,21977,21803,21566,21231,20865,20339,19831,19458,18761,17018,15210,71,71,72,72,71,72,72,74,76,79,79,80,80,79,79,79,77,75,75,74,73,72,71,69,67,67,67,67,67,67,67,68,68,67,67,67,67,66,66,67,67,67,67,67,67,67,67,66
"191","2013-06-27",13899,13091,12601,12353,12445,13110,14509,15969,16813,17379,17905,18308,18577,18863,18893,18766,18609,18383,17997,17701,17627,16904,15408,13894,68,68,67,66,65,65,65,65,66,66,67,68,70,71,71,72,72,71,69,68,67,67,66,66,66,65,65,64,64,64,64,64,64,64,65,65,65,65,65,66,66,66,67,66,66,65,65,64
"192","2013-06-28",12798,12125,11745,11594,11792,12538,13956,15552,16683,17563,18232,18681,18838,19130,19317,19408,19534,19424,18821,18213,17964,17430,16119,14651,66,65,65,65,65,65,65,66,66,68,69,71,74,74,76,74,77,78,77,75,73,72,71,71,64,64,63,63,64,63,64,64,64,65,66,67,68,69,69,69,69,68,68,68,67,67,68,67
"193","2013-07-01",13872,13208,12837,12705,12925,13619,15136,16787,17884,18661,19295,19704,19980,20187,20120,19952,19882,19806,19511,19212,19125,18346,16758,15173,71,71,71,71,71,71,71,71,72,73,75,76,76,75,75,77,77,77,76,75,74,73,72,72,69,69,69,69,69,69,69,69,70,70,70,71,71,70,71,72,71,71,72,71,71,70,69,69
"194","2013-07-02",13991,13272,12866,12739,12898,13675,15150,16745,17826,18619,19254,19700,19980,20232,20340,20457,20453,20295,19647,18949,18657,17923,16336,14701,72,71,71,71,71,71,71,72,72,73,73,75,76,77,77,78,76,76,75,73,71,70,69,69,69,70,69,70,69,69,69,69,70,70,70,70,70,70,69,70,68,68,67,67,67,66,66,66
"195","2013-07-03",13480,12700,12242,12041,12201,12859,14333,16106,17450,18512,19538,20251,20942,21628,22040,22147,22279,22101,21589,20772,20261,19617,18192,16587,69,68,67,67,67,68,68,69,72,74,76,78,81,83,83,85,84,84,83,81,79,78,76,75,66,65,65,65,65,66,66,67,68,68,69,69,69,70,69,70,70,70,70,71,71,71,71,71
"196","2013-07-04",15154,14195,13586,13233,13151,13217,13938,15286,16994,18661,20000,20949,21466,21680,21786,21909,22059,22045,21556,20827,20359,19804,18742,17346,74,73,73,72,72,72,72,75,78,80,83,85,87,88,89,89,89,88,87,86,83,81,80,79,70,70,70,70,70,70,70,71,72,72,72,72,71,71,71,71,71,70,71,71,72,72,72,72
"197","2013-07-05",16017,15092,14483,14136,14111,14367,15641,17532,19372,21034,22389,23316,23921,24272,24440,24573,24664,24501,23839,22900,22337,21651,20052,18297,78,77,76,76,76,75,75,77,80,82,85,87,88,90,91,92,91,90,89,87,84,82,81,80,72,71,71,71,70,70,70,71,71,72,72,72,71,70,70,70,70,70,70,71,71,72,72,72
"198","2013-07-08",16056,15215,14689,14442,14529,15133,16689,18617,20133,21364,22340,22996,23411,23768,23834,23876,23790,23424,22644,21705,21152,20182,18228,16316,75,75,75,75,74,73,73,74,76,78,80,79,80,81,83,82,82,80,79,77,75,73,71,70,72,71,72,71,70,69,69,69,69,70,70,69,68,68,67,66,66,66,67,66,66,67,66,66
"199","2013-07-09",14920,14037,13501,13236,13319,13964,15325,16862,17847,18565,19285,19777,20062,20286,20272,20135,20118,20073,19682,19245,19164,18520,16930,15306,70,69,68,68,68,67,67,67,69,70,71,73,73,74,74,75,75,75,75,73,73,72,71,70,66,67,66,66,66,66,66,66,66,66,66,67,66,66,66,67,67,67,66,67,67,67,67,67
"200","2013-07-10",14095,13363,12943,12775,12965,13738,15209,16830,17914,18757,19613,20484,21168,21775,21997,21972,21861,21642,21172,20739,20600,19841,18174,16458,70,69,69,69,69,69,69,69,70,71,73,76,79,79,80,79,79,77,76,76,75,75,74,73,67,67,67,66,67,67,67,67,68,68,70,70,71,70,71,72,72,72,72,72,72,72,72,72
"201","2013-07-11",15176,14368,13872,13666,13815,14498,16098,17769,18795,19443,19805,20150,20501,20946,21180,21305,21347,21240,20768,20197,19948,19316,17614,15824,74,74,73,73,72,72,73,73,74,75,75,75,77,79,79,80,81,81,80,78,77,75,74,73,71,71,71,71,71,71,71,71,71,72,72,71,70,70,69,68,67,67,67,68,67,66,66,65
"202","2013-07-12",14416,13482,12921,12652,12696,13206,14466,15929,16934,17756,18416,18816,18991,19184,19171,19048,18858,18430,17742,17166,17047,16533,15281,13922,71,70,69,69,68,68,68,68,70,71,73,74,75,76,76,76,76,75,74,73,71,69,68,68,65,64,63,61,61,60,59,59,59,59,60,60,60,60,61,61,61,60,60,59,59,58,58,58
"203","2013-07-15",15956,15072,14513,14217,14318,14925,16566,18717,20532,22066,23420,24358,24943,25376,25551,25647,25652,25483,24992,24259,23797,22853,20687,18536,77,76,75,74,74,74,74,76,80,83,85,88,88,89,89,89,90,89,88,87,84,82,80,79,71,71,71,70,70,70,70,71,71,70,69,69,68,67,66,66,66,66,67,68,69,70,69,69
"204","2013-07-16",16930,15893,15150,14734,14712,15208,16749,18802,20437,21893,23262,24288,24966,25517,25679,25755,25809,25619,25007,24147,23637,22669,20518,18394,79,78,77,76,74,73,73,76,79,83,85,88,89,90,88,88,89,89,88,86,83,80,80,77,69,68,66,66,66,65,65,66,66,66,67,67,67,65,66,67,66,65,66,67,68,68,67,68
"205","2013-07-17",16771,15758,15083,14726,14761,15292,16866,18979,20669,22074,23408,24383,25086,25650,25937,26102,26182,26055,25482,24693,24327,23315,21203,19108,77,76,75,73,73,72,73,75,79,81,83,86,88,89,90,90,90,90,89,87,84,82,81,79,67,68,68,68,67,67,67,68,69,69,69,67,68,68,68,69,68,67,68,70,70,71,71,71
"206","2013-07-18",17608,16647,16045,15693,15733,16309,17930,20154,21942,23364,24618,25459,25920,26309,26408,26389,26239,25860,25176,24447,24175,23268,21329,19313,79,78,77,77,76,77,76,79,82,85,87,87,88,89,88,89,88,88,86,84,82,80,81,80,71,71,70,70,70,70,70,71,71,72,71,70,70,69,69,69,68,68,70,70,71,71,72,72
"207","2013-07-19",17736,16762,16177,15855,15948,16557,18074,20164,22009,23615,25037,26028,26574,26885,26910,26912,26918,26638,25882,25090,24764,24071,22367,20452,79,78,77,77,76,76,76,78,81,84,88,90,93,94,95,95,95,94,92,90,88,86,85,84,72,72,72,72,72,72,72,72,72,72,72,72,70,70,70,70,72,72,73,73,74,74,73,74
"208","2013-07-22",14221,13463,13034,12854,13043,13688,15094,16725,17889,18763,19600,20292,20830,21373,21556,21485,21299,21009,20485,19993,19927,19051,17372,15757,71,70,69,68,68,67,67,68,70,71,73,76,77,78,80,79,78,78,76,75,73,72,72,71,66,66,65,66,65,65,65,65,66,66,66,66,66,66,65,66,67,68,68,68,67,67,68,68
"209","2013-07-23",14565,13866,13444,13277,13469,14281,15722,17218,18185,18997,19829,20550,20998,21370,21675,21859,21656,21232,20753,20211,20013,19271,17671,15984,70,70,70,70,69,70,70,70,70,71,72,75,76,76,78,81,77,76,75,76,75,73,72,72,68,68,68,69,69,69,69,69,69,70,70,71,70,71,71,70,69,70,70,70,71,71,70,70
"210","2013-07-24",14734,13951,13494,13274,13427,14083,15573,17400,18762,19878,20874,21521,21826,21956,21986,21787,21581,21372,20597,19717,19331,18445,16577,14656,71,71,71,71,71,70,70,72,75,77,79,80,81,81,81,80,80,80,79,77,74,71,68,67,69,69,70,69,69,68,68,69,68,68,66,65,65,64,63,62,61,61,59,58,58,57,56,54
"211","2013-07-25",13265,12374,11795,11514,11600,12191,13296,14521,15231,15660,16021,16178,16142,16125,16002,15813,15750,15751,15575,15423,15459,14773,13530,12300,65,63,61,60,60,59,58,59,59,60,61,62,63,63,63,64,63,63,63,62,61,61,61,61,53,51,50,48,48,48,48,49,49,50,50,51,52,53,55,55,56,56,56,57,57,57,57,57
"212","2013-07-26",11401,10883,10599,10527,10744,11480,12717,14126,15082,15708,16160,16412,16460,16557,16497,16368,16368,16355,16130,15874,15857,15353,14184,12923,61,61,61,61,61,61,61,61,62,62,64,65,67,69,71,72,72,72,71,71,70,69,67,66,58,58,59,59,59,59,59,59,60,60,60,61,62,62,62,62,62,61,62,62,62,62,61,61
"213","2013-07-29",12967,12373,12047,11944,12211,13012,14400,16020,17223,18179,19072,19813,20339,20775,21120,21338,21309,21069,20587,19838,19491,18519,16715,14934,69,68,67,67,67,67,67,68,69,72,73,76,78,78,79,80,81,80,79,78,75,73,71,69,65,65,65,65,66,66,66,66,67,67,66,66,65,65,66,63,63,63,65,63,61,60,61,62
"214","2013-07-30",13596,12752,12229,11935,11978,12512,13698,15266,16400,17259,17991,18489,18810,19170,19394,19531,19639,19524,19021,18332,18206,17383,15740,14090,69,67,66,65,64,64,62,65,68,70,73,75,76,78,79,80,80,79,77,76,73,71,70,69,61,60,59,59,57,56,56,56,56,56,56,57,56,56,55,55,53,54,55,56,57,58,57,57
"215","2013-07-31",12875,12121,11656,11445,11567,12165,13445,15075,16254,17136,17890,18460,18823,19189,19426,19540,19627,19451,18854,18273,18316,17541,15923,14306,67,66,64,64,63,62,61,64,69,71,74,76,76,77,78,79,78,78,77,76,73,71,70,68,57,57,57,57,56,56,56,57,57,57,57,56,56,56,57,55,56,56,58,59,60,61,61,61
"216","2013-08-01",13109,12323,11861,11638,11771,12444,13720,15350,16642,17639,18467,18968,19167,19280,19198,18898,18523,18186,17765,17541,17516,16680,15260,13809,67,66,65,65,64,63,62,64,68,71,73,76,77,77,75,74,72,71,69,69,68,68,67,67,61,61,61,61,60,59,59,61,63,64,64,64,63,62,63,64,64,62,63,63,63,62,63,63
"217","2013-08-02",12766,12117,11745,11608,11801,12531,13795,15225,16332,17218,18036,18596,18987,19393,19593,19639,19575,19350,18741,18030,17908,17240,15899,14421,66,66,65,65,66,65,65,65,67,69,71,75,77,79,81,80,81,81,80,78,75,73,71,69,63,63,63,63,63,63,64,64,64,64,64,62,62,61,59,58,57,57,58,59,60,61,61,62
"218","2013-08-05",11441,10851,10516,10418,10614,11267,12459,13968,14977,15570,15997,16231,16339,16545,16636,16708,16845,16889,16543,16058,16096,15231,13706,12302,62,61,59,58,58,56,57,59,62,64,66,68,70,72,73,74,75,75,75,73,69,67,64,62,52,51,51,51,51,50,50,51,51,48,45,43,43,42,43,43,42,42,43,43,46,45,46,48
"219","2013-08-06",11285,10685,10347,10218,10402,11043,12186,13645,14709,15456,16115,16560,16823,17139,17256,17304,17378,17307,16887,16419,16519,15722,14224,12770,61,60,58,58,57,56,54,57,62,65,68,71,73,75,75,75,75,75,74,72,70,67,65,64,47,47,46,47,47,47,47,49,49,50,51,50,50,51,50,50,50,51,52,54,55,55,56,55
"220","2013-08-07",11722,11077,10717,10577,10758,11416,12640,14151,15246,16042,16640,17045,17286,17536,17689,17728,17719,17545,17050,16708,16881,16078,14644,13255,63,61,60,59,58,58,58,60,64,67,70,73,74,75,76,77,76,76,74,73,70,69,68,67,56,56,56,55,55,55,54,56,58,59,59,55,55,54,55,55,56,55,55,56,58,58,59,58
"221","2013-08-08",12298,11683,11370,11293,11563,12410,13766,15219,16271,17079,17723,18171,18485,18870,19125,19336,19491,19451,19072,18773,18979,18157,16646,15145,67,67,67,67,67,67,67,68,68,70,71,73,74,75,78,79,80,79,78,76,75,74,73,73,59,59,60,61,62,63,63,64,66,67,67,67,68,68,69,68,68,68,68,69,69,69,69,69
"222","2013-08-09",14021,13340,12932,12783,12992,13792,15151,16653,17687,18391,18894,19105,19035,18999,18847,18684,18729,18711,18458,18214,18364,17683,16439,15007,72,72,72,72,72,72,71,72,72,72,72,73,73,73,73,73,75,75,75,75,74,73,73,72,68,68,68,68,68,69,69,70,70,70,70,71,71,71,71,71,71,72,72,72,71,71,71,70
"223","2013-08-12",11857,11278,10974,10897,11122,11869,13088,14566,15701,16579,17293,17780,18151,18588,18844,19004,19163,19149,18710,18176,18263,17242,15584,14027,65,64,63,63,63,63,62,63,66,70,73,75,77,77,78,79,80,79,79,77,74,71,69,68,58,58,58,58,58,58,58,58,59,57,57,55,54,55,56,55,56,56,57,58,59,61,62,61
"224","2013-08-13",12879,12194,11790,11631,11820,12616,13899,15324,16331,17034,17584,17849,17871,17873,17746,17650,17759,17824,17507,17241,17393,16466,15002,13576,67,67,66,66,65,65,65,66,68,69,69,70,71,71,71,72,72,73,72,71,69,67,67,66,62,62,61,61,61,62,62,63,64,65,66,66,66,66,65,64,63,63,64,64,64,64,64,63
"225","2013-08-14",12512,11868,11483,11298,11418,12032,13074,14369,15291,15887,16366,16645,16733,16827,16866,16858,16873,16756,16314,15952,16127,15259,13807,12398,66,66,65,64,63,62,60,60,62,64,66,68,69,71,71,72,73,73,72,70,66,64,63,61,63,63,61,59,57,54,52,51,50,50,50,50,50,50,50,50,50,50,50,50,51,51,51,50
"226","2013-08-15",11415,10788,10443,10313,10471,11136,12268,13705,14742,15486,16068,16414,16569,16781,16847,16873,16905,16794,16372,16039,16211,15332,13919,12544,60,59,58,56,56,56,55,57,61,65,68,70,72,74,74,75,74,74,75,72,68,65,63,63,51,50,51,50,50,50,49,51,51,51,50,49,48,48,48,47,47,49,49,49,51,52,52,53
"227","2013-08-16",11524,10889,10513,10353,10518,11175,12250,13698,14850,15687,16328,16696,16864,17045,17076,17022,17028,16877,16390,15985,16079,15292,14056,12751,62,60,58,56,55,55,55,56,63,66,70,72,74,75,76,75,76,77,76,74,71,67,65,64,53,53,52,52,52,51,52,52,52,54,53,53,52,51,51,51,51,52,51,52,54,57,57,56
"228","2013-08-19",11576,11001,10680,10587,10822,11594,12765,14271,15525,16500,17330,17907,18260,18587,18658,18566,18429,18278,17960,17818,17911,16887,15316,13849,65,64,63,62,62,61,61,62,66,70,74,77,78,79,80,80,79,78,78,76,73,72,70,70,58,57,57,57,57,58,57,58,59,60,60,59,58,58,58,58,58,59,58,60,60,60,61,61
"229","2013-08-20",12765,12091,11655,11455,11572,12300,13506,14983,16249,17327,18266,19018,19579,20046,20333,20594,20725,20605,20008,19504,19416,18191,16403,14702,69,68,67,66,65,64,63,65,69,73,76,79,80,81,83,84,84,84,81,79,74,72,71,71,61,61,60,60,60,59,59,59,60,60,60,60,60,60,59,57,57,58,60,61,62,62,62,62
"230","2013-08-21",13437,12621,12124,11865,11976,12681,13854,15398,16748,17946,19085,20017,20695,21315,21699,21938,22036,21812,21075,20527,20364,19052,17157,15367,69,69,68,67,66,65,64,66,70,74,77,80,82,83,84,85,86,86,84,82,78,75,74,72,61,61,61,61,60,59,59,60,62,62,62,63,62,62,61,61,61,61,60,62,63,64,64,63
"231","2013-08-22",14067,13233,12707,12448,12586,13325,14538,16093,17468,18583,19568,20286,20637,20850,20889,20725,20576,20403,19835,19630,19665,18615,16966,15355,71,70,69,68,68,67,66,67,71,75,77,80,81,82,82,81,80,80,79,77,75,74,73,72,63,63,62,63,62,63,62,62,64,65,65,66,66,66,66,67,67,67,67,67,67,68,68,69
"232","2013-08-23",14151,13361,12885,12660,12742,13398,14468,15840,16912,17578,18086,18499,18732,18923,18890,18672,18458,18063,17345,16876,16849,15889,14511,13117,72,71,70,70,71,69,68,67,69,71,72,75,77,77,77,77,77,76,75,73,70,68,66,65,68,67,66,66,64,62,61,61,60,58,58,56,55,53,53,53,53,53,52,53,53,53,52,51
"233","2013-08-26",11719,11185,10919,10869,11160,12050,13457,14816,15703,16356,16946,17480,17954,18288,18301,18257,18238,18227,18086,18301,18197,17110,15533,14068,67,66,66,66,66,66,66,66,66,67,69,71,72,76,78,77,76,76,75,74,73,72,71,70,55,56,56,56,57,57,57,57,58,59,59,59,61,61,62,63,64,65,65,65,66,66,66,66
"234","2013-08-27",13049,12410,12063,11914,12159,13079,14660,16023,16993,17833,18542,19049,19383,19865,20215,20505,20693,20584,20026,19808,19619,18268,16409,14686,70,69,69,68,68,68,69,69,70,71,73,74,76,78,79,81,81,80,79,76,73,72,71,71,67,66,66,66,66,67,67,67,67,68,68,67,67,67,66,66,66,65,65,66,67,66,66,66
"235","2013-08-28",13459,12682,12231,11985,12113,12974,14457,15784,16848,17886,18911,19770,20427,20968,21221,21212,20949,20428,19736,19612,19313,17941,16106,14464,69,68,68,66,65,65,65,66,67,70,73,76,78,80,81,80,79,77,73,72,71,70,70,69,66,65,64,63,63,63,63,64,65,65,65,66,66,66,65,65,65,65,65,66,66,66,66,66
"236","2013-08-29",13327,12630,12217,12035,12223,13152,14788,16002,16654,17084,17416,17556,17516,17534,17389,17217,17123,16995,16704,16809,16656,15608,14155,12758,68,68,67,67,66,65,65,66,66,67,67,68,68,68,69,69,68,68,67,66,65,64,64,64,66,65,65,64,64,64,64,64,64,64,63,63,63,62,62,61,61,61,60,60,60,59,59,59
"237","2013-08-30",11793,11206,10879,10769,10981,11842,13272,14549,15456,16100,16685,17172,17540,18039,18433,18752,18980,18894,18348,18238,18112,17128,15776,14390,63,63,63,63,63,62,63,63,64,67,68,71,75,77,79,81,81,82,80,77,75,74,73,72,59,59,58,59,59,59,59,60,60,61,62,63,64,64,64,64,64,64,65,66,66,66,67,67
